"Inner_Iter",     "rms[P]"     ,     "rms[U]"     ,     "rms[V]"     ,   "pstatic_in"   ,     "pdyn_in"    ,   "pstatic_out"  ,    "pdyn_out"    ,   "pstatic_in1"  ,    "pdyn_in1"    ,   "pstatic_in2"  ,    "pdyn_in2"    ,   "pstatic_in3"  ,    "pdyn_in3"    ,   "pstatic_in4"  ,    "pdyn_in4"    ,    "pdyn_out1"   ,    "pdyn_out2"   ,    "pdyn_out3"   ,      "phigh"     ,      "plow"      ,     "in_den1"    ,     "in_den2"    ,     "in_den3"    ,     "in_den4"    ,    "out_den1"    ,    "out_den2"    ,    "out_den3"    ,    "mflow_in"    ,    "mflow_out"   ,      "pdrop"     
           0,      -3.544351192,      -3.720821799,      -3.699707443,     -0.4902234984,       1.746707252,     0.02103771375,       1.425401061,    0.005647368764,        1.42481853,       1.293190222,      0.9730040642,        2.16428321,      0.3871081617,       1.285803382,      0.9758622492,       1.427410279,        1.42676484,       1.425655648,       1.256483754,       1.446438774,     0.05553086177,     0.01350075142,    -0.02852763733,     0.01357707084,     0.03719003376,    -0.05479128653,   1.190524607e-06,      0.0540810467,    -0.01760006224,     -0.1899550204
           1,      -3.657258927,      -3.355593848,      -3.675996264,       1.679121301,       1.036304003,       0.130822697,       1.408095181,     0.05524121905,       1.403045847,       2.876085413,       0.770249291,        5.75617245,     0.01043236836,       2.906396547,      0.7703677888,       1.425772004,       1.420063636,        1.30363519,       2.715425304,       1.538917878,     0.05493364862,     0.02939939544,    0.004353689109,     0.02954954357,     0.03716403191,    -0.05464695836,   2.778407545e-05,      0.1182362767,    -0.01745514237,       1.176507426
           2,       -3.73836556,      -3.453213318,      -3.696453471,       4.061606084,       1.083312992,      0.4634267894,       1.408653676,      0.1243627182,       1.394106368,        4.06309209,       1.047950283,       9.437403593,      0.7319256022,       4.184598773,       1.046053016,       1.441153981,       1.428681374,       1.015856359,       5.144919075,       1.872080465,     0.05450280201,     0.04499538721,     0.03886755202,     0.04536727244,     0.03733321107,    -0.05470031613,   0.0002999494459,      0.1837330137,    -0.01706715562,        3.27283861
           3,      -3.865469295,       -3.56202098,       -3.76352175,       4.770364479,       1.562321722,       1.547251602,       1.499646798,      0.2055750965,       1.403052137,       4.196857547,       1.592877061,       10.04582865,       1.617789376,       4.334120852,       1.629576657,       1.537293594,       1.506996721,       0.769737343,         6.3326862,       3.046898401,     0.05466066529,     0.05550638487,      0.0579949345,     0.05639618958,     0.03838123661,    -0.05566108037,    0.001419115649,      0.2245581742,    -0.01586072811,         3.2857878
           4,      -3.973306212,      -3.628821934,      -3.817564121,       4.479784716,       1.563513748,         3.6800795,       1.585634023,      0.2176252054,       1.442480383,       3.824910383,       1.692907675,       10.01010997,       1.407825456,       4.016277786,        1.69995206,       1.769049609,        1.66796303,      0.7102707774,       6.043298463,       5.265713522,     0.05555376112,     0.05685755649,     0.05435704912,     0.05738558384,     0.04076772986,    -0.05770214536,    0.003115137348,      0.2241539506,    -0.01381927815,      0.7775849411
           5,      -4.130624454,       -3.73699094,      -3.869170505,        4.27585484,       1.512518006,       6.942321981,       1.208515798,     0.08203387002,       1.497283459,       3.380110138,       1.654208929,       10.27843497,       1.305778406,       3.811613347,       1.578182579,       2.114524769,       1.844460771,      0.8102119448,       5.788372846,       8.150837778,     0.05665634605,     0.05658203803,     0.05234835258,     0.05586650202,     0.04412043751,    -0.06001405331,    0.004538938436,      0.2214532387,    -0.01135467737,      -2.362464933
           6,      -4.281453446,      -3.791568588,      -3.925964608,       4.142311732,       1.495413923,       10.72070894,    0.009664579551,     -0.1994604624,        1.54934264,       2.832749918,       1.650642659,        10.5999865,       1.310632165,       3.896426735,       1.453189179,       2.503578256,       2.005194531,      0.9767519266,       5.637725655,       10.73037352,     0.05760755475,     0.05701183785,     0.05235213241,      0.0540644589,     0.04774654964,    -0.06216288506,    0.005141341034,      0.2210359839,   -0.009274994388,      -5.092647865
           7,      -4.380954666,      -3.841482325,      -3.978763143,       4.004514913,       1.503273417,       11.75539509,      -1.480025425,     -0.5540607185,       1.568919232,       2.113476886,       1.680981469,       10.77839039,       1.367357155,       4.220665238,       1.373473474,       2.826018968,       2.135439854,       1.165267376,        5.50778833,       10.27536966,     0.05790014717,     0.05773445108,     0.05341020134,     0.05239959387,        0.05074573,     -0.0638963847,    0.004726053083,      0.2214443935,   -0.008424601612,      -4.767581334
           8,      -4.406272934,      -3.928394109,      -4.021977331,       3.849091362,       1.511956537,       7.430312109,      -1.571126876,      -0.805561594,       1.537751382,       1.243944184,       1.711410354,       10.72490969,       1.440110668,       4.645755723,        1.33394401,       2.992876553,       2.238351956,       1.345330032,       5.361047899,       5.859185233,     0.05722109092,     0.05813991209,     0.05481983679,     0.05130907248,     0.05237390578,    -0.06521265701,    0.003220191896,      0.2214899123,   -0.009618559338,     -0.4981373337
           9,      -4.411582894,      -4.043800735,      -4.056864856,       3.732193603,       1.505287162,       1.815721214,    -0.08630562808,     -0.7542928085,       1.455580919,      0.3289654511,       1.717994988,       10.46030244,       1.505451522,       5.083802239,       1.317370578,       2.951726547,       2.321350644,       1.375724897,       5.237480765,       1.729415586,      0.0555424131,     0.05796514788,     0.05611796324,     0.05096973961,     0.05216812503,    -0.06618761509,    0.000594094481,      0.2205952638,    -0.01342539557,       3.508065179
          10,      -4.434963423,      -4.117963742,      -4.083548316,       3.723028989,       1.482313834,      -1.074155584,       1.440572877,     -0.2446360246,           1.34643,     -0.4917395953,       1.690216586,       10.08507877,       1.546306574,       5.481479099,       1.320331632,        2.71606422,       2.391305005,        1.54956766,       5.205342823,      0.3664172934,     0.05327201456,     0.05722478292,     0.05696453649,     0.05126304593,     0.05013122247,    -0.06691930292,   -0.002932333235,      0.2187243799,    -0.01972041369,        4.83892553
          11,      -4.479503515,      -4.105369262,      -4.094895997,       3.837380519,       1.444510805,      -1.695214089,       2.398665758,      0.6670122773,       1.220337997,      -1.093856537,       1.628495447,       9.723771005,        1.55360708,       5.772925943,       1.344502626,       2.353375887,       2.460560825,       1.528141635,       5.281891324,       0.703451669,     0.05064562953,     0.05607941551,     0.05715921998,     0.05199810726,     0.04668371959,    -0.06757569954,   -0.007233460809,      0.2158823723,    -0.02812544076,       4.578439655
          12,      -4.532180809,      -4.068359492,      -4.095610255,       4.071851876,       1.401124342,      -1.337857539,       2.852643089,       1.955523608,       1.107900145,      -1.425733101,       1.544871089,       9.473353996,        1.52553038,        5.91152097,       1.386797957,       1.967979264,       2.542129491,       1.478077828,       5.472976219,       1.514785551,     0.04828707626,     0.05477265395,     0.05662461103,     0.05297184579,     0.04265621469,    -0.06832598498,    -0.01201853641,       0.212656187,    -0.03768830669,       3.958190668
          13,      -4.573606617,      -4.054401142,      -4.096742962,       4.401100232,       1.362806092,     -0.7166693689,       3.034282932,        3.51621585,       1.035325579,      -1.485234564,       1.461399949,       9.400306651,       1.470146074,       5.869292159,       1.438250622,       1.641279698,       2.646241252,        1.43319184,       5.763906324,       2.317613563,     0.04675699337,     0.05356798012,     0.05549027176,     0.05400266426,     0.03894006176,    -0.06928089637,    -0.01708819485,      0.2098179095,    -0.04742902947,       3.446292761
          14,      -4.596274641,      -4.069329743,      -4.104458277,       4.778727618,        1.33777735,     -0.1460453437,       3.120031765,       5.130764578,       1.012877672,       -1.32605283,       1.397961481,       9.537213647,       1.402674768,       5.645835106,       1.490021577,       1.400374714,       2.784630731,       1.421685967,       6.116504968,       2.973986421,     0.04631400366,     0.05263539916,     0.05408305054,     0.05497573815,     0.03597455781,    -0.07053749011,    -0.02249574555,      0.2080081915,    -0.05705867786,       3.142518547
          15,      -4.599587039,      -4.105493381,      -4.119024552,       5.152951838,       1.330000576,      0.2758834641,       3.197658172,       6.597553967,       1.037877689,      -1.055954239,        1.36385643,       9.854280166,       1.340720782,       5.276606044,       1.534131022,       1.238141108,       2.961701976,       1.463292314,       6.482952414,       3.473541636,     0.04695060748,     0.05203859652,     0.05283185827,     0.05578377757,     0.03383778205,    -0.07210772001,    -0.02842044414,      0.2076048398,    -0.06669038211,       3.009410777
          16,      -4.600668034,      -4.151286317,      -4.136956706,         5.4810904,       1.339140287,      0.5399600188,       3.302980293,       7.788219881,       1.100125833,     -0.7751357007,       1.354962248,       10.26801152,       1.301959983,       4.815336328,        1.56446054,       1.131794153,       3.172242886,       1.565426058,       6.820230686,       3.842940312,     0.04842366356,     0.05175304919,     0.05213468608,     0.05633538915,     0.03235264868,    -0.07393190617,    -0.03486392279,       0.208646788,    -0.07644318029,       2.977290374
          17,      -4.614859405,      -4.188141565,       -4.15482443,       5.754286366,       1.360834478,      0.6827029085,       3.437960386,       8.714317199,       1.184022284,     -0.5150362518,       1.357531516,       10.68445183,       1.301707827,       4.293643708,       1.575805198,       1.058728846,       3.391499833,       1.726800836,       7.115120844,       4.120663295,     0.05030806838,     0.05166780144,     0.05224928365,     0.05654287225,     0.03126625027,    -0.07582736226,    -0.04141441256,      0.2107680257,    -0.08597552455,        2.99445755
          18,      -4.642058358,      -4.217078597,      -4.174824511,       5.942948169,        1.39119556,      0.7286446913,       3.596666854,       9.322152701,       1.279600203,     -0.2725562524,        1.35984088,       10.95879445,        1.34334598,       3.775532765,       1.568500153,      0.9907415691,       3.608283488,       1.936287597,       7.334143729,       4.325311545,     0.05232678085,     0.05166654906,     0.05314842927,     0.05641446587,     0.03017348653,    -0.07774178835,    -0.04790047155,      0.2135562251,    -0.09546877337,       3.008832184
          19,      -4.676801072,       -4.23645753,      -4.199330057,       6.023984912,       1.425052821,      0.7049209806,       3.768475281,       9.585286624,       1.375801404,    -0.02188383112,       1.356603247,       10.97207399,        1.41670346,       3.327357121,       1.544097513,       0.908404397,       3.815695194,       2.182683381,       7.449037733,       4.473396261,     0.05424914339,     0.05165690884,     0.05457760337,     0.05597417647,     0.02874970596,     -0.0796349438,    -0.05422309954,      0.2164578321,     -0.1051083374,       2.975641471
          20,      -4.705801998,      -4.246329896,      -4.232490313,       5.992609161,       1.458440312,      0.6487844919,        3.94018105,       9.527483579,       1.466109765,      0.2596580806,       1.348506559,       10.67105398,       1.504821461,       3.007035479,       1.506126353,      0.8018715919,       4.010641371,       2.449756556,       7.451049473,       4.588965542,     0.05597536509,     0.05160111727,     0.05621562636,     0.05527946333,     0.02678806073,    -0.08145489504,    -0.06025703598,      0.2190715721,     -0.1149238703,       2.862083931
          21,       -4.71987257,      -4.249338928,      -4.274349507,       5.857617857,       1.488233883,      0.5778366876,       4.106153412,       9.194649935,       1.545836673,       0.581410106,       1.337634654,       10.06929382,       1.591922553,       2.853544526,        1.45977987,      0.6743906984,       4.196621909,        2.73010889,       7.345851741,         4.6839901,     0.05744674468,     0.05148370311,      0.0577957387,     0.05441939053,     0.02423464501,    -0.08318981267,    -0.06590892003,       0.221145577,     -0.1248640877,       2.661861641
          22,      -4.717741719,      -4.245253798,      -4.320328886,       5.637886101,       1.511486208,      0.5026246656,       4.262936604,       8.642526419,       1.610562891,      0.9525240609,       1.324830084,       9.217825334,       1.666176362,       2.881728844,       1.410935788,      0.5335980057,       4.377016796,       3.018765226,       7.149372309,       4.765561269,     0.05860837582,     0.05129177824,     0.05912846826,     0.05349943695,     0.02112855097,    -0.08481458782,    -0.07110851985,      0.2225280593,     -0.1347945567,        2.38381104
          23,      -4.708863505,      -4.237658738,      -4.361702424,       5.368818595,       1.527394052,       0.434258077,       4.404147788,       7.952902213,       1.662374339,       1.382646078,       1.309061054,       8.192120417,       1.721335219,       3.084139227,       1.364767787,      0.3910245048,       4.555580355,       3.301817028,       6.896212647,       4.838405865,      0.0595134712,     0.05100286207,     0.06011747779,     0.05261629495,     0.01755422206,    -0.08632190975,    -0.07576601202,       0.223250106,     -0.1445336997,       2.057806781
          24,       -4.69984478,      -4.229599089,      -4.389367845,       5.077277789,       1.533275542,      0.3751520133,       4.524581586,        7.16524431,       1.695547741,         1.8909346,       1.288260736,       7.066942397,       1.754421926,       3.436863249,       1.325339172,      0.2611726381,       4.730018484,       3.570386715,        6.61055333,         4.8997336,     0.06007788804,     0.05058855956,     0.06071654643,     0.05184888834,     0.01364749692,    -0.08768622911,    -0.07985669351,      0.2232318824,     -0.1538954257,       1.710819731
          25,      -4.696526264,      -4.221645907,      -4.398471271,       4.795875948,        1.52850175,      0.3265595805,       4.619755999,       6.330321052,       1.709099261,       2.512738804,       1.261434041,       5.894779901,       1.765496664,       3.913482662,       1.295044653,      0.1580293459,        4.89253473,       3.813755801,       6.324377698,        4.94631558,     0.06029595693,     0.05004256781,     0.06092770104,     0.05124753644,    0.009614891747,    -0.08887693703,    -0.08330364796,      0.2225137622,     -0.1625656932,       1.378062118
          26,      -4.699890992,      -4.216216933,      -4.395846783,       4.557875592,       1.513951058,      0.2863244886,       4.689405631,       5.502454561,       1.704024093,       3.270245035,       1.229803465,       4.736731792,       1.756768869,       4.476850946,       1.274663663,     0.08957627705,       5.036463296,       4.029207077,       6.071826649,        4.97573012,      0.0601879691,      0.0493974078,     0.06078762029,     0.05083540794,    0.005582151156,    -0.08988512942,    -0.08614418405,      0.2212084051,     -0.1704471623,       1.096096529
          27,      -4.712414462,      -4.216721806,      -4.386500889,       4.396099887,       1.492017084,      0.2460107528,       4.739489192,       4.744989184,       1.683825681,       4.166918698,       1.196830109,       3.658640919,       1.731464624,       5.083697321,       1.264034034,     0.07182477899,       5.157737037,       4.223334132,       5.888116971,       4.985499945,     0.05981135892,     0.04872475737,     0.06035001393,     0.05061815564,    0.001658644246,    -0.09071624361,    -0.08850803127,      0.2195042859,     -0.1775656306,      0.9026170268
          28,      -4.733829046,      -4.219139415,      -4.372419763,       4.330330636,       1.465119585,      0.2113510878,       4.769959231,       4.098953381,       1.650299706,       5.197931295,       1.167490909,       2.698098473,        1.69318432,       5.701080507,       1.262554822,     0.01581349295,       5.249995568,        4.39290948,       5.795450221,       4.981310319,     0.05919411446,     0.04812612808,     0.05967483299,     0.05058916626,   -0.002050808741,    -0.09134118227,    -0.09043168146,      0.2175842418,     -0.1838236725,      0.8141399027
          29,      -4.764387624,      -4.223769863,      -4.356344883,        4.37280416,       1.436277824,      0.1809998876,       4.786090942,       3.603213027,       1.605771878,       6.337418882,       1.146805503,       1.882871957,       1.646627729,        6.29875406,         1.2694983,     0.05076160126,       5.313412105,       4.540838853,       5.809081985,        4.96709083,     0.05837013662,     0.04770560972,      0.0588424163,     0.05073425002,   -0.005454689104,    -0.09177018936,    -0.09199764081,      0.2156524127,     -0.1892225193,      0.8419911552
          30,      -4.801923872,      -4.230378595,      -4.343853205,       4.524614726,       1.408549107,      0.1547328345,       4.791877943,       3.297404867,        1.55343636,       7.526697794,        1.13794239,       1.237044472,        1.59670425,       6.841073791,        1.28403493,     0.09663852446,       5.353943856,       4.671372763,       5.933163833,       4.946610778,      0.0573888041,     0.04753054464,     0.05793874873,     0.05103270403,   -0.008624314914,    -0.09204624468,    -0.09329750986,      0.2138908015,     -0.1939680695,      0.9865530554
          31,      -4.844769853,      -4.239555634,      -4.336461295,       4.775031338,       1.384348696,       0.138762882,       4.789790982,       3.207192374,       1.496250546,        8.70314491,       1.142124095,      0.7657863753,       1.547852146,       7.299545078,       1.304843331,      0.1579020091,        5.37604008,       4.785512095,       6.159380034,       4.928553864,     0.05630024843,     0.04762626168,     0.05704355929,     0.05145147716,    -0.01158199927,    -0.09219692827,    -0.09437767908,      0.2124215466,     -0.1981566066,        1.23082617
          32,      -4.887665416,       -4.25015435,      -4.335608523,       5.103886156,       1.365304884,      0.1313150682,       4.783679522,         3.3444057,       1.437399275,       9.809516602,       1.158296094,      0.4584553902,       1.503646137,       7.654810341,       1.330171295,      0.2351254884,       5.387242426,       4.887543557,       6.469191041,        4.91499459,     0.05516355021,     0.04796817515,     0.05622376204,     0.05195069217,    -0.01442032679,    -0.09227333341,    -0.09530608402,      0.2113061796,     -0.2019997442,       1.554196451
          33,      -4.923752745,      -4.261636749,      -4.340992391,       5.486607866,       1.352106219,      0.1283341734,       4.778697345,       3.706900484,       1.380266339,        10.8042567,       1.183870962,      0.2945385966,       1.466126676,       7.897714914,       1.357950225,      0.3291844246,       5.397276793,       4.980901884,       6.838714085,       4.907031518,     0.05404678023,     0.04849822614,     0.05551992675,     0.05248801534,    -0.01720657801,      -0.092344829,    -0.09613175799,      0.2105529485,      -0.205683165,       1.931682567
          34,      -4.947162845,      -4.272477048,      -4.351845365,       5.897777789,       1.344550003,      0.1296310618,       4.777134035,       4.277417685,        1.32843778,       11.66177464,       1.215535989,      0.2497114328,       1.435736932,       8.028791035,       1.385752237,      0.4417818136,       5.412381876,       5.065748817,       7.242327792,       4.906765097,     0.05302562391,     0.04914405051,     0.05494401003,      0.0530179095,    -0.01999610052,    -0.09245695322,    -0.09686634411,       0.210131594,     -0.2093193979,       2.335562696
          35,      -4.955465985,      -4.281508244,      -4.366188002,       6.315263222,       1.341807503,      0.1353380653,       4.779618965,       5.022908756,       1.285468148,       12.37219869,       1.249956237,      0.3013955889,       1.411583479,       8.057942428,       1.411256978,      0.5748397023,       5.434083847,       5.142015786,       7.657070725,        4.91495703,     0.05217700317,     0.04983527582,     0.05448237594,     0.05349919259,    -0.02282151065,    -0.09262607296,    -0.09751438398,      0.2099938475,     -0.2129619676,       2.742113695
          36,      -4.953805094,      -4.289267397,      -4.380842449,       6.722228665,        1.34275697,      0.1452271616,       4.786876382,       5.894193393,       1.254541153,       12.93748481,       1.284411046,      0.4328346417,       1.392017219,       8.002818232,       1.432402219,      0.7283599777,       5.464168639,        5.20772004,       8.064985636,       4.932103544,     0.05157065074,     0.05051698741,     0.05410579609,     0.05389624741,    -0.02566750491,    -0.09287560639,    -0.09806031289,      0.2100896816,     -0.2166034242,       3.132882092
          37,      -4.949716055,      -4.296445635,      -4.393034779,       7.107956586,       1.346343979,      0.1592031778,       4.799177578,       6.831058993,       1.238245438,       13.36669734,       1.317026477,      0.6342705924,       1.375239477,       7.886789125,       1.447617263,      0.8996402241,       5.502324034,       5.261225325,       8.454300565,       4.958380755,     0.05126375011,     0.05115346627,     0.05378084387,     0.05418214903,    -0.02847832928,    -0.09321737057,    -0.09848948575,      0.2103802093,     -0.2201851856,       3.495919809
          38,      -4.949333823,       -4.30419832,      -4.400790498,       7.466476857,       1.351782088,      0.1680175119,       4.819519101,       7.766749465,        1.23792828,       13.67232509,       1.346839977,      0.9016013973,       1.359837936,       7.736551296,       1.456009062,       1.086577642,       5.556124503,       5.300822216,       8.818258944,       4.987536613,     0.05128532773,      0.0517283117,     0.05348065921,     0.05434144865,    -0.03122966626,     -0.0937174808,    -0.09878538457,      0.2108357473,     -0.2237325316,       3.830722331
          39,      -4.956681235,      -4.313806099,      -4.403728006,       7.794494849,       1.358629615,      0.1697295752,       4.847287774,       8.635630854,       1.253376991,       13.86742507,       1.373594846,       1.233831328,       1.345083284,       7.579278411,       1.457444445,       1.284751664,       5.625839777,       5.324364453,       9.153124463,        5.01701735,     0.05162764692,     0.05223917732,     0.05319112808,     0.05437158024,    -0.03387506514,    -0.09438732777,    -0.09892686418,      0.2114295326,     -0.2271892571,       4.136107114
          40,      -4.972208355,      -4.325975482,      -4.403144936,        8.08870356,       1.366765313,      0.1630602775,       4.881516899,       9.379547827,       1.282784645,       13.96318668,       1.397544567,        1.62946911,        1.33099018,       7.440065768,       1.452586865,       1.489690543,       5.711458576,       5.330136866,       9.455468873,       5.044577176,      0.0522458486,     0.05269307551,     0.05291263701,      0.0542840852,    -0.03638275484,    -0.09523225088,    -0.09889611679,      0.2121356463,     -0.2305111225,       4.410891697
          41,      -4.994724602,      -4.340283183,      -4.401101057,       8.344923656,       1.376246545,      0.1572155413,       4.917046165,       9.954204186,       1.323179705,       13.96875749,       1.419132906,       2.085171006,       1.318066694,       7.339104674,       1.442831072,       1.694488288,       5.802823101,        5.31757259,       9.721170201,       5.074261707,     0.05306984086,     0.05309979619,     0.05265544143,     0.05410382379,    -0.03870331285,     -0.0961839924,    -0.09868538325,      0.2129289023,     -0.2335726885,       4.646908495
          42,       -5.02031776,      -4.355152189,      -4.399998903,       8.556996123,       1.387201053,      0.1531758031,       4.953098715,       10.33031568,       1.370915881,       13.89078377,       1.438879139,       2.593714335,       1.307092076,       7.289081361,       1.430214368,       1.893859311,       5.900236718,       5.286504281,       9.944197176,       5.106274518,      0.0540183121,     0.05346983381,     0.05243562181,     0.05386803741,     -0.0408189844,    -0.09724514123,    -0.09829013037,      0.2137918051,      -0.236354256,       4.837922658
          43,      -5.043462402,       -4.36797638,      -4.401514187,       8.717682199,       1.399635903,      0.1515931212,        4.98901502,       10.49503669,       1.422116439,       13.73415418,       1.457180694,       3.143801116,       1.298828459,       7.293399853,       1.417090628,       2.085491817,       6.002909431,       5.238028315,        10.1173181,       5.140608141,     0.05501045983,      0.0538108966,     0.05226931309,     0.05362069386,    -0.04274317251,    -0.09840567036,    -0.09771700762,      0.2147113634,     -0.2388658505,       4.976709961
          44,      -5.058352684,      -4.376498279,      -4.406795166,       8.820061293,       1.413420791,      0.1455643648,       5.029061423,       10.45057092,       1.473234536,       13.50288058,       1.474358892,       3.721101694,       1.293818097,       7.345596084,       1.405794041,       2.267565265,       6.119637647,       5.174442724,       10.23348208,       5.174625788,     0.05597802435,      0.0541290857,     0.05216824768,     0.05340624283,    -0.04448492876,    -0.09971362928,    -0.09698390741,      0.2156816006,     -0.2411824655,       5.058856296
          45,      -5.062375077,      -4.380146793,      -4.416294065,       8.858779488,        1.42824415,      0.1317834429,       5.075775597,       10.21165582,       1.521315159,       13.20051812,       1.490550469,       4.309887603,       1.292295974,       7.430453234,       1.398279862,       2.438475522,        6.25269036,       5.100537639,       10.28702364,        5.20755904,     0.05686876972,     0.05442708186,     0.05213758415,       0.053262581,    -0.04604907038,     -0.1011668864,    -0.09613159726,      0.2166960167,      -0.243347554,       5.079464599
          46,      -5.057004116,      -4.379842752,      -4.429765261,        8.83088522,       1.443666965,      0.1147535568,       5.128255533,       9.802487101,        1.56416204,       12.83115961,       1.505749737,       4.893812374,        1.29419255,       7.526284699,       1.395870919,       2.597720681,        6.39837912,       5.019009948,       10.27455218,        5.24300909,     0.05764732168,     0.05470506098,     0.05217586732,     0.05321576142,    -0.04744586985,       -0.10271596,    -0.09518495623,      0.2177440114,      -0.245346786,       5.031543094
          47,      -5.046288473,       -4.37763841,      -4.446396207,       8.736152169,       1.459073138,       0.102295262,       5.184220943,       9.252469612,       1.599997342,       12.39924653,       1.519808113,       5.458627535,       1.299160714,        7.60835993,       1.399150324,       2.744391291,       6.549746057,       4.933291807,       10.19522531,       5.286516205,     0.05828683786,     0.05496067364,     0.05227566584,     0.05327742124,    -0.04867723971,      -0.104279571,    -0.09417878126,      0.2188005986,      -0.247135592,       4.908709102
          48,      -5.032795712,      -4.376033227,      -4.464837977,       8.577009312,        1.47384005,      0.0928297368,       5.243991242,       8.594487156,         1.6276138,        11.9101328,       1.532576977,       5.991778208,       1.306711645,       7.651724359,       1.408031239,       2.884075139,       6.703708842,       4.847483275,       10.05084936,       5.336820979,     0.05877083252,     0.05519165572,     0.05242670709,      0.0534458462,    -0.04979713446,     -0.1058115093,    -0.09315793333,      0.2198350415,      -0.248766577,       4.714028384
          49,      -5.019516993,      -4.377585073,      -4.483041577,       8.358469808,       1.487428669,     0.08698781918,       5.307266333,       7.863598599,       1.646446079,       11.37018698,       1.543912504,       6.482974607,       1.316299149,       7.634024515,       1.421862467,       3.018487474,       6.857251059,       4.765278278,       9.845898477,       5.394254153,     0.05909359341,     0.05539582202,     0.05261776536,     0.05370793955,    -0.05081867841,     -0.1072694144,    -0.09216667522,      0.2208151204,      -0.250254768,       4.451644325
          50,      -5.008368023,      -4.384166477,      -4.499226958,       8.087412621,       1.499441679,     0.07617440637,       5.378381412,       7.094702365,         1.6565301,       10.78675242,       1.553687999,       6.924119265,       1.327406989,       7.537631627,       1.439611004,       3.144719671,       7.018995754,       4.689694817,       9.586854301,       5.454555819,     0.05925924558,     0.05557125558,     0.05283847096,     0.05404297161,     -0.0517161537,     -0.1087132596,    -0.09124635109,      0.2217119437,     -0.2516757644,       4.132298482
          51,      -4.999227858,      -4.396764684,      -4.510983089,       7.771698551,       1.509653496,     0.06287981281,       5.454422833,       6.319941332,       1.658436933,       10.16738624,       1.561770278,       7.310008369,       1.339598075,       7.350756696,       1.460099908,       3.260530916,        7.18174517,       4.624927961,       9.281352047,       5.517302646,     0.05928018612,     0.05571586796,      0.0530801364,      0.0544274764,    -0.05247368131,     -0.1100832797,    -0.09044989344,      0.2225036669,     -0.2530068545,       3.764049401
          52,      -4.992588371,       -4.41495108,      -4.516415264,       7.416436609,       1.517816041,     0.05243225911,       5.530098385,       5.560144335,       1.652952845,       9.513794113,       1.567972553,       7.641639368,       1.352351101,       7.065184499,       1.481859402,       3.361887696,       7.335442216,       4.573941511,        8.93425265,       5.582530645,     0.05917084939,     0.05582641239,     0.05333224001,     0.05483275831,    -0.05306808806,     -0.1113066835,    -0.08982212099,      0.2231622601,     -0.2541968925,       3.351722005
          53,      -4.987548232,      -4.438921804,      -4.515744923,        7.02667462,       1.524128879,     0.04445582641,        5.60306461,       4.835273126,        1.64177432,       8.829457439,       1.572345678,       7.918026591,       1.365440924,       6.676431185,        1.50371245,       3.446557993,       7.476527909,        4.53839326,       8.550803498,       5.647520437,     0.05895984795,     0.05590418079,     0.05359035228,     0.05523662133,    -0.05349151127,     -0.1123733496,    -0.08939148043,      0.2236910024,     -0.2552563413,       2.903283062
          54,      -4.984494232,      -4.468004868,       -4.51015627,        6.60851109,       1.528917306,     0.03919363458,       5.671538892,        4.16403084,       1.626870274,       8.122428258,       1.574918889,       8.135891035,       1.378755047,       6.185826914,       1.524687403,       3.512382411,       7.602227566,       4.520204782,       8.137428397,       5.710732527,     0.05868161282,     0.05595000855,     0.05385210764,     0.05562134901,    -0.05373693452,     -0.1132779202,    -0.08918171206,       0.224105078,     -0.2561965668,        2.42669587
          55,       -4.98231959,      -4.500053111,      -4.501133864,       6.167876255,       1.532339428,     0.03198859803,       5.735819872,       3.558359326,       1.609899999,       7.402359171,       1.575608408,        8.29298052,       1.392075374,       5.600211433,       1.543804861,       3.559723653,       7.712752625,       4.521358867,       7.700215683,        5.76780847,     0.05836643581,     0.05596243819,     0.05411283556,     0.05596945242,    -0.05381420816,     -0.1140400257,    -0.08921205909,       0.224411162,     -0.2570662929,       1.932407213
          56,      -4.982258287,       -4.52986657,      -4.489940431,       5.708693308,       1.534434966,     0.02264520218,       5.794041976,       3.020944749,       1.592260477,       6.676455175,       1.574330463,       8.389770837,       1.405052229,       4.928500723,       1.560134925,       3.586871681,       7.804526633,       4.543338107,       7.243128274,       5.816687178,     0.05804001203,     0.05593983561,     0.05436535671,     0.05626459165,    -0.05372065211,     -0.1146489912,    -0.08949313495,       0.224609796,     -0.2578627783,       1.426441096
          57,      -4.985741129,       -4.55315604,      -4.479453942,       5.236047808,       1.535392777,     0.01090486014,       5.845241844,       2.551002166,       1.575413468,       5.954483671,       1.571160358,       8.427199579,        1.41748059,       4.184662188,       1.573085609,       3.596637285,       7.875020552,       4.585789479,       6.771440585,       5.856146704,     0.05772865958,      0.0558835464,     0.05460575822,     0.05649679727,    -0.05348122585,     -0.1150999218,    -0.09001471238,      0.2247147615,       -0.25859586,      0.9152938805
          58,      -4.992374774,      -4.564550661,      -4.469284636,       4.756403308,        1.53522821,   -0.001155158776,       5.887749448,        2.14379987,       1.560317946,       5.247358685,       1.566154122,       8.407640705,        1.42912489,       3.388582206,       1.582014616,        3.59067975,       7.919684425,        4.64915053,       6.291631517,        5.88659429,     0.05745001877,     0.05579448139,     0.05482969204,     0.05665558606,    -0.05311188858,      -0.115372111,    -0.09076942994,      0.2247297783,     -0.2592534295,      0.4050372275
          59,      -5.002884354,      -4.562262886,      -4.460339895,       4.277265122,       1.533852642,    -0.01381898771,       5.921937573,       1.791447148,       1.547496226,       4.566241667,       1.559368942,       8.335347613,       1.439729191,       2.564097218,       1.586356876,       3.569564687,       7.938114783,       4.733561615,       5.811117764,       5.908118585,     0.05721399246,      0.0556734773,      0.0550325509,     0.05673196963,    -0.05262177377,     -0.1154725262,    -0.09174457052,      0.2246519903,     -0.2598388705,    -0.09700082062
          60,      -5.018117469,      -4.548030721,      -4.453097404,       3.806703701,       1.531158456,    -0.02457518483,       5.947590551,       1.483947543,       1.537180279,       3.921681562,       1.550889218,       8.216293352,       1.449058316,       1.737165105,       1.585705774,       3.534116755,        7.92888471,       4.838242387,       5.337862157,       5.923015366,     0.05702513022,     0.05552179728,     0.05521022167,     0.05671927427,    -0.05202176048,     -0.1153949028,    -0.09291771013,      0.2244764234,     -0.2603343734,     -0.5851532094
          61,      -5.039572533,      -4.526906293,      -4.447942808,       3.353036448,        1.52703129,    -0.03807552288,       5.967704874,       1.211245913,       1.529207506,       3.322689473,       1.540886629,       8.057636742,       1.456921796,      0.9342086685,       1.579856845,       3.486260094,       7.897009478,       4.961509405,       4.880067738,       5.929629351,     0.05688030082,     0.05534226167,     0.05535945845,     0.05661377195,    -0.05133008739,     -0.1151788365,    -0.09425830778,      0.2241957929,     -0.2607672317,      -1.049561613
          62,      -5.067616767,      -4.503607254,      -4.445587324,        2.92551905,       1.521436015,    -0.05111264872,       5.981979245,      0.9651522067,       1.523264157,       2.777819078,        1.52959893,       7.867418284,       1.463242191,      0.1828023759,       1.568846035,        3.42895611,       7.841228733,       5.100843205,       4.446955065,       5.930866596,     0.05677338029,      0.0551389753,     0.05547915432,     0.05641549284,    -0.05057026547,     -0.1148087218,    -0.09572982599,      0.2238070027,     -0.2611088133,       -1.48391153
          63,      -5.103006512,      -4.481708061,      -4.446521781,       2.533288933,       1.514342302,    -0.05962834284,       5.989491254,       0.739726281,       1.518806394,       2.294182266,       1.517215346,       7.654038101,       1.467996789,     -0.4909016364,       1.552906577,       3.365930861,       7.759509103,       5.252847701,       4.047631235,       5.929862912,     0.05669418632,     0.05491510997,     0.05556910989,      0.0561275241,    -0.04977040511,     -0.1142608394,    -0.09729001388,      0.2233059303,     -0.2613212584,      -1.882231677
          64,      -5.146131372,      -4.463407825,       -4.45137583,       2.184834411,       1.505786357,    -0.06514678762,       5.991682175,      0.5318420429,       1.515172006,       1.877308475,       1.503942959,       7.425650192,       1.471251342,      -1.063667877,        1.53251804,       3.300683244,       7.654750393,       5.414409016,       3.690620768,       5.926535388,     0.05663030874,     0.05467417111,     0.05563070816,     0.05575711001,    -0.04895729562,     -0.1135473332,    -0.09890106599,       0.222692298,     -0.2614056948,       -2.23591462
          65,      -5.197084707,      -4.449800375,      -4.460683725,       1.887423063,       1.495887711,    -0.07459119999,       5.991947325,      0.3412208971,       1.511696298,       1.530902731,       1.490016912,       7.189597994,       1.473154791,      -1.516443875,       1.508373945,        3.23602012,       7.534661805,       5.582248065,       3.383310774,       5.917356125,     0.05656928179,     0.05442023078,      0.0556668332,     0.05531527114,     -0.0481540351,     -0.1127198093,      -0.100526095,      0.2219716169,     -0.2613999394,      -2.534045351
          66,      -5.254119966,      -4.441467272,      -4.474410904,       1.646581518,       1.484868791,    -0.08575492966,       5.989336804,      0.1701605781,       1.507785348,       1.256723414,        1.47571998,       6.951989964,        1.47392874,      -1.835567745,       1.481400197,       3.174331662,       7.401159698,       5.750000366,       3.131450309,       5.903581874,     0.05649992723,     0.05415828956,     0.05568168899,     0.05481740296,    -0.04738061588,     -0.1117807341,     -0.1021069861,      0.2211573087,     -0.2612683361,      -2.772131565
          67,      -5.310350643,      -4.438489714,      -4.492663338,       1.465812755,       1.473037511,    -0.09904187727,       5.983549572,     0.02318118608,       1.502890496,       1.054596769,        1.46134575,       6.717434996,       1.473856122,      -2.013461304,       1.452782352,       3.117566369,       7.256580818,       5.913468861,       2.938850265,       5.884507695,     0.05641200956,     0.05389363949,     0.05568059616,     0.05428425071,    -0.04665403515,     -0.1107360712,      -0.103606222,      0.2202704959,     -0.2609963284,      -2.945657429
          68,      -5.353118691,      -4.440604043,      -4.514920005,       1.346251069,       1.460761766,     -0.1114714835,       5.972521445,    -0.09369748066,       1.496567116,      0.9223981403,       1.447194045,       6.488813667,       1.473254953,      -2.049484182,       1.423851238,       3.067051012,       7.100586442,       6.067864128,       2.807012835,       5.861049962,     0.05629728083,     0.05363177816,     0.05566953717,     0.05374002742,    -0.04598743007,       -0.10957305,     -0.1049854677,      0.2193386236,     -0.2605459478,      -3.054037126
          69,       -5.36708948,      -4.447596004,      -4.540173566,       1.286743414,       1.448389592,     -0.1225266308,       5.954967836,     -0.1734586579,       1.488539841,      0.8562860039,       1.433555017,       6.267271624,       1.472452336,      -1.950136869,       1.395729709,       3.023454287,       6.935199033,       6.208239828,       2.735133006,       5.832441205,     0.05615057565,      0.0533781239,     0.05565467063,     0.05320600277,     -0.0453887717,     -0.1082996261,     -0.1062064808,      0.2183893729,     -0.2598948787,      -3.097308199
          70,      -5.349000604,      -4.459322311,      -4.567264393,       1.283944511,       1.436290241,     -0.1344683087,       5.930657303,     -0.2091832104,       1.478714546,      0.8508694127,       1.420694951,       6.052456354,       1.471776125,      -1.728157186,         1.3694955,       2.986777432,       6.765706577,       6.329354646,       2.720234752,       5.796188994,     0.05596994269,     0.05313779396,       0.055642187,     0.05270323357,    -0.04486062713,     -0.1069532636,     -0.1072318457,      0.2174531572,     -0.2590457364,      -3.075954242
          71,      -5.307758772,      -4.475572433,      -4.594925274,         1.3326121,       1.424830483,     -0.1495975276,       5.899325907,     -0.1949252059,       1.467159087,      0.8995571511,         1.4088523,       5.842701166,        1.47150181,      -1.401137986,       1.346149141,       2.956424521,       6.595999034,       6.428047872,       2.757442584,       5.749728379,     0.05575630186,     0.05291546597,     0.05563728467,     0.05225202346,    -0.04440054183,     -0.1055620432,     -0.1080419976,       0.216561076,     -0.2580045827,      -2.992285796
          72,      -5.258366172,      -4.495850434,       -4.62053885,       1.426050304,       1.414357699,     -0.1681779205,       5.860012055,      -0.126007486,       1.454074224,      0.9949161452,       1.398240524,       5.635403409,       1.471843309,     -0.9903050908,        1.32656468,       2.931302347,        6.42777974,       6.502068593,       2.840408003,       5.691834135,     0.05551310727,     0.05271540481,     0.05564399723,     0.05187079288,    -0.04400195697,     -0.1041380127,     -0.1086240168,      0.2157433022,     -0.2567639865,      -2.851426132
          73,      -5.210022094,      -4.519319054,      -4.643268275,       1.556883731,       1.405148465,     -0.1889330023,       5.811391728,   0.0007590930558,        1.43975297,       1.129095129,       1.389033748,       5.427357066,       1.472939472,     -0.5179383886,       1.311326521,        2.91004086,       6.259907095,       6.551086282,       2.962032196,       5.622458726,     0.05524563273,     0.05254116208,     0.05566492472,      0.0515726169,    -0.04365594739,     -0.1026725724,      -0.108978759,      0.2150243364,     -0.2553072788,       -2.66042653
          74,      -5.171158643,      -4.544657835,      -4.661155746,       1.721631503,       1.397207106,     -0.2120220845,       5.751796287,      0.1912001565,       1.424182846,       1.298441101,       1.381289446,       5.211900177,       1.474644816,    0.005907866742,        1.30060906,       2.891298446,       6.095804268,       6.569737657,       3.118838609,       5.539774202,     0.05495315031,     0.05239371593,     0.05569698567,     0.05136194484,    -0.04335932214,     -0.1012033821,     -0.1090719695,      0.2144057968,     -0.2536346738,      -2.420935593
          75,      -5.140959859,      -4.572030584,      -4.674868624,       1.912157437,       1.391127137,     -0.2327359167,       5.679790051,      0.4462539549,       1.408900828,       1.494213046,       1.375367395,       4.985323973,       1.477324299,      0.5589217655,        1.29446918,       2.873837766,       5.934884108,       6.556746041,       3.303284575,       5.447054135,     0.05466202187,     0.05228081801,     0.05574754019,     0.05124144557,    -0.04310054061,    -0.09972783762,     -0.1088972342,      0.2139318256,     -0.2517256124,       -2.14376956
          76,      -5.118500304,      -4.599575054,      -4.684374268,       2.119505628,       1.386931895,     -0.2512774467,       5.596166411,      0.7619413758,       1.394541693,       1.707823502,       1.371192729,       4.744609822,       1.480829039,       1.119698013,       1.292545142,       2.856601817,       5.778294767,       6.513905946,       3.506437523,       5.344888964,      0.0543856748,      0.0522011995,     0.05581371252,     0.05120431308,    -0.04286889604,    -0.09825801179,     -0.1084692724,      0.2136048999,     -0.2495961802,      -1.838451441
          77,      -5.102958875,      -4.625592014,      -4.689885054,       2.335138278,       1.384510146,     -0.2688506645,       5.502227488,       1.130991367,       1.381585708,       1.931548346,       1.368615011,       4.488028282,       1.484886729,        1.66981841,       1.294291187,       2.838502239,       5.628515729,       6.442774533,       3.719648424,       5.233376823,     0.05413513108,     0.05215199489,     0.05589019093,     0.05123965801,    -0.04265372987,    -0.09681761673,     -0.1077999141,      0.2134169749,     -0.2472712607,        -1.5137284
          78,      -5.093587963,      -4.648573283,      -4.691954218,       2.551297253,       1.383740305,     -0.2838413879,       5.398322229,        1.54354839,       1.370544664,       2.158564592,       1.367472003,       4.215118394,        1.48924837,       2.194524677,       1.299082213,       2.818753563,       5.484677208,       6.345484722,       3.935037558,       5.114480841,     0.05392180321,     0.05213013956,      0.0559722072,     0.05133493617,    -0.04244683361,    -0.09540342984,     -0.1069045296,      0.2133590861,      -0.244754793,      -1.179443283
          79,      -5.090025275,      -4.667145085,      -4.691540154,       2.760878652,       1.384503338,     -0.2950059491,       5.285201488,       1.987134026,       1.361980481,         2.3828472,       1.367585738,       3.926594631,       1.493685959,       2.682353363,       1.306263613,       2.797086507,       5.347260969,       6.223565416,        4.14538199,       4.990195539,     0.05375789225,     0.05213228899,     0.05605548573,     0.05147705096,     -0.0422438687,    -0.09402334074,     -0.1057932426,      0.2134227179,     -0.2420604521,     -0.8448135487
          80,      -5.092046489,      -4.680833829,      -4.689189102,       2.958061317,       1.386616382,     -0.3016228873,       5.164159342,       2.448106998,       1.356281422,       2.599665735,       1.368744885,       3.624008295,       1.497936456,       3.125889972,       1.315190596,        2.77377383,       5.215048449,        6.08084618,       4.344677699,       4.862536455,     0.05365178999,     0.05215441111,     0.05613510762,     0.05165308256,    -0.04204497213,    -0.09267236925,     -0.1044933494,      0.2135943913,     -0.2392106907,     -0.5178587551
          81,      -5.099683399,      -4.689991694,      -4.685559725,       3.138432169,       1.389852188,     -0.3051371165,       5.037510042,         2.9126017,       1.353664359,       2.805681083,       1.370735312,       3.309503361,       1.501729886,       3.521421324,       1.325233795,       2.749575759,       5.089093894,       5.921179287,       4.528284357,       4.732372926,     0.05360795889,     0.05219239027,     0.05620603905,      0.0518504261,    -0.04185439239,    -0.09136613489,     -0.1030329872,      0.2138568143,     -0.2362535145,      -0.204088569
          82,      -5.112701153,      -4.696108738,      -4.681390783,       3.298288209,       1.394040276,      -0.307140096,       4.907769177,       3.366054297,       1.354339888,       2.997942958,       1.373394856,       2.986463556,       1.504858226,       3.866899038,       1.335887217,       2.725598278,       4.971499134,       5.747794388,       4.692328485,       4.600629081,     0.05363022141,     0.05224315161,     0.05626447416,      0.0520590197,    -0.04167961971,    -0.09012715577,     -0.1014353527,      0.2141968669,     -0.2332421282,     0.09169940399
          83,      -5.130797656,      -4.700571941,      -4.677652789,       3.435134101,        1.39897532,     -0.3056550668,       4.775856097,       3.794723605,       1.358293097,       3.174508672,        1.37654931,       2.658896255,       1.507129144,       4.162558911,       1.346718407,       2.703211233,       4.860660538,       5.563416078,       4.834109421,        4.47020103,     0.05371787849,     0.05230331878,     0.05630684472,     0.05227027295,     -0.0415308848,    -0.08894613184,    -0.09972033866,      0.2145983149,     -0.2301973553,      0.3639083908
          84,      -5.154136916,      -4.704596698,      -4.675088888,        3.54738013,       1.404463222,      -0.300429355,       4.643476878,       4.186048023,       1.365363809,       3.334047925,       1.380059493,       2.331411565,       1.508375526,       4.409924712,       1.357411427,       2.683946069,       4.756543846,       5.371008841,       4.951843352,       4.343047523,     0.05386717237,       0.052370206,     0.05633006266,      0.0524779872,    -0.04141971377,    -0.08782629479,    -0.09791040942,      0.2150454282,      -0.227156418,      0.6087958285
          85,       -5.18246476,      -4.709093463,      -4.674324651,       3.634457799,       1.410302204,     -0.2911295084,       4.512130555,       4.529690948,       1.375237255,       3.475917512,       1.383799733,       2.008898761,       1.508447967,       4.611679835,       1.367725189,       2.669368637,       4.658445535,       5.173564191,       5.044760003,       4.221001046,     0.05407126762,     0.05244138193,     0.05633135025,     0.05267750224,      -0.041357639,    -0.08676683695,    -0.09602927722,       0.215521502,     -0.2241537532,       0.823758957
          86,      -5.215551484,      -4.714548603,      -4.676003358,       3.696799227,       1.416291488,     -0.2788313083,       4.383808078,       4.818169063,       1.387444113,       3.600084105,       1.387664626,        1.69635429,       1.507238064,       4.771375415,       1.377499855,        2.66096147,       4.566239968,         4.9746409,       5.113090714,       4.104976769,     0.05432017668,     0.05251481393,     0.05630866925,     0.05286582927,    -0.04135550851,    -0.08577212862,    -0.09410720565,      0.2160094891,     -0.2212348428,       1.008113945
          87,       -5.25265374,      -4.721310711,      -4.680484176,        3.73557167,       1.422247041,     -0.2640614291,       4.260176768,       5.046969662,       1.401415973,       3.706871081,       1.391577523,       1.398649334,       1.504676972,        4.89279818,       1.386666245,       2.660030852,       4.479514742,        4.77738799,       5.157818711,       3.996115339,     0.05460195099,     0.05258903864,      0.0562606977,     0.05304175814,    -0.04142235699,    -0.08484136536,    -0.09217294624,      0.2164934455,     -0.2184366686,       1.161703372
          88,      -5.293321356,      -4.728486386,      -4.687857967,       3.753053663,        1.42787752,     -0.2471398458,        4.14264205,       5.215972809,       1.416316131,       3.797958642,       1.395391091,       1.118914313,       1.500665177,       4.980841787,       1.395095163,       2.667513123,        4.39689888,       4.585393203,       5.180931183,       3.895502204,     0.05489950865,     0.05266114656,     0.05618539348,     0.05320288136,    -0.04156464956,    -0.08396706978,    -0.09026292899,        0.21694893,     -0.2157946483,       1.285428979
          89,      -5.335668784,      -4.735794007,      -4.698167962,       3.751451737,       1.433102046,     -0.2290023783,       4.032716979,        5.32651646,       1.431627641,       3.874431526,       1.399106138,      0.8606144939,        1.49530191,       5.039174383,       1.402841433,        2.68399501,       4.318586223,        4.40129906,       5.184553783,         3.8037146,     0.05520152141,     0.05273126682,      0.0560846136,     0.05335049517,    -0.04178533633,    -0.08315676938,    -0.08840592054,       0.217367897,     -0.2133480263,       1.380839183
          90,      -5.376379321,      -4.743035009,      -4.711404837,       3.732814659,       1.437897143,     -0.2103351247,        3.93150057,       5.380635942,       1.446959555,       3.936672996,       1.402756878,      0.6279160333,       1.488688534,       5.070192802,       1.410042927,       2.709729966,       4.245082029,       4.226723085,       5.170711802,       3.721165446,     0.05550004989,     0.05280015963,     0.05596023609,     0.05348744817,    -0.04208414049,    -0.08241774804,    -0.08662106333,      0.2177478938,     -0.2111229519,       1.449546357
          91,       -5.41345442,      -4.749721804,        -4.7271963,       3.699457941,       1.442140821,     -0.1916567204,       3.839679933,       5.381911872,       1.461746221,       3.985201882,       1.406313433,      0.4248773324,       1.480839881,       5.075930395,       1.416784764,       2.744576895,       4.176260673,       4.063165797,       5.141598762,       3.648023213,     0.05578484602,     0.05286722367,     0.05581235554,     0.05361541002,    -0.04245741566,     -0.0817491892,    -0.08492726137,      0.2180798353,     -0.2091338662,        1.49357555
          92,      -5.444128175,       -4.75540046,      -4.745082952,       3.653990503,       1.445723808,     -0.1727641379,       3.757352247,       5.335455184,       1.475448896,       4.020646889,       1.409757188,      0.2554319651,       1.471801959,        5.05814064,       1.423146181,       2.788015085,       4.111065951,       3.911924159,       5.099714311,        3.58458811,     0.05604646838,     0.05293207336,     0.05564162274,     0.05373590067,    -0.04289855546,    -0.08114118579,    -0.08334253326,      0.2183560651,     -0.2073822745,       1.515126201
          93,      -5.466210516,      -4.759756309,      -4.764626239,       3.599182958,       1.448573304,     -0.1538941414,        3.68452123,       5.247661068,       1.487631756,        4.04365546,       1.413086683,      0.1230745504,       1.461666399,       5.018338569,       1.429195195,       2.839208046,       4.048864971,       3.773951825,       5.047756262,       3.530627089,     0.05627747454,      0.0529946759,     0.05544956939,     0.05385022812,    -0.04339821347,    -0.08058947373,    -0.08188262229,      0.2185719479,     -0.2058703095,       1.517129174
          94,      -5.478337464,      -4.762844941,      -4.785309774,       3.537830898,       1.450643293,     -0.1354213958,       3.621183551,       5.125672559,       1.497966585,       4.054884192,       1.416301241,     0.03075619504,       1.450560226,        4.95786407,       1.434967503,       2.897011828,       3.989541435,       3.649989942,       4.988474191,       3.485762155,     0.05647235983,     0.05305502193,     0.05523838078,     0.05395908346,    -0.04394433051,    -0.08009206788,    -0.08056187772,       0.218724846,     -0.2045982761,       1.502712035
          95,      -5.481719567,      -4.764988033,      -4.806416266,       3.472664995,       1.451923996,     -0.1175788308,       3.567113508,       4.977029569,        1.50623794,       4.054919427,       1.419409402,    -0.01914526245,       1.438664678,       4.877983388,       1.440468808,       2.960054052,       3.932954408,         3.5405463,       4.924588991,       3.449534677,     0.05662757426,     0.05311329219,     0.05501132697,     0.05406258814,    -0.04452312063,    -0.07964504074,    -0.07939231143,      0.2188147816,     -0.2035604728,       1.475054314
          96,      -5.476759899,      -4.766638865,       -4.82750312,        3.40629219,       1.452436885,     -0.1009541991,       3.522155519,       4.809468251,       1.512347136,        4.04426598,       1.422423013,    -0.02502509763,       1.426195718,       4.780030203,        1.44567383,       3.026852305,       3.879551996,       3.445925506,       4.858729074,        3.42120132,     0.05674172264,     0.05316973373,     0.05477242356,     0.05416028361,    -0.04512024483,    -0.07924916791,    -0.07838344644,      0.2188441635,     -0.2027528592,       1.437527754
          97,      -5.464097593,      -4.768358698,        -4.8480338,       3.341147048,       1.452202173,    -0.08501945397,       3.485558536,       4.630493642,       1.516257576,        4.02342093,       1.425343039,     0.01393809766,       1.413354698,       4.665549974,       1.450514693,       3.095872674,       3.828623378,       3.366282424,       4.793349221,       3.400539082,     0.05681458976,     0.05322436981,     0.05452538569,     0.05425090402,    -0.04572108736,    -0.07889426931,    -0.07754267518,      0.2188152493,     -0.2021580318,        1.39281014
          98,      -5.445602273,      -4.770786748,      -4.867651147,       3.279437168,       1.451266923,    -0.06972366074,       3.456752608,       4.447122848,       1.518040345,       3.992887871,        1.42816723,      0.0977524146,       1.400370563,       4.536384155,       1.454895185,       3.165486747,       3.780230727,       3.301574404,       4.730704091,       3.387028947,     0.05684787943,     0.05327716056,     0.05427450227,     0.05433266055,    -0.04631143393,    -0.07857767414,    -0.07687431753,      0.2187322028,     -0.2017634256,       1.343675144
          99,      -5.423012956,      -4.774367652,      -4.886274481,       3.223097611,       1.449712166,    -0.05536596826,       3.435305149,        4.26570978,       1.517885446,       3.953169829,       1.430896775,      0.2255194587,       1.387489205,       4.394738569,       1.458711906,       3.234267486,       3.734858559,       3.251605388,       4.672809777,       3.379939181,     0.05684535286,     0.05332814285,     0.05402447789,     0.05440364818,    -0.04687901369,    -0.07830136455,    -0.07638003009,      0.2186016218,     -0.2015604083,       1.292870596
         100,      -5.397720196,      -4.779341255,      -4.904153905,       3.173679447,       1.447616638,    -0.04264729312,       3.420996777,       4.091481136,         1.5159993,       3.904820506,       1.433508493,      0.3956061794,        1.37497497,       4.243034707,       1.461844382,       3.300796214,       3.693609367,       3.216098566,       4.621296085,       3.378349484,     0.05681094912,     0.05337686621,       0.053780446,     0.05446161628,    -0.04741237395,    -0.07807205467,    -0.07605938077,      0.2184298776,     -0.2015438094,       1.242946601
         101,      -5.372408875,      -4.786131069,      -4.921449612,       3.132363651,       1.445105741,    -0.03092392913,       3.413007082,       3.928738289,       1.512701059,       3.848383526,       1.435999671,      0.6053657145,        1.36310699,       4.083995308,       1.464209901,       3.363751989,       3.656151166,       3.194620995,       4.577469392,       3.382083153,     0.05675049672,     0.05342330695,     0.05354794922,     0.05450507129,    -0.04790207983,    -0.07788316708,    -0.07590872722,      0.2182268242,     -0.2016939741,       1.195386239
         102,      -5.347776028,      -4.794142788,      -4.937590607,       3.100075492,       1.442161641,    -0.02115813749,       3.411122164,       3.779583253,       1.508057061,       3.784335285,       1.438248177,      0.8541429509,       1.352094657,       3.919617663,       1.465610106,       3.421308836,       3.623773701,       3.186892621,       4.542237133,       3.389964026,     0.05666480596,     0.05346502009,     0.05333107109,     0.05453026168,    -0.04833643329,    -0.07774325223,    -0.07592491731,      0.2179911588,     -0.2020046028,       1.152273107
         103,      -5.324259165,      -4.803502061,      -4.952334939,        3.07752239,       1.439031134,    -0.01300605623,        3.41474207,       3.646211352,       1.502645979,        3.71277858,       1.440319358,       1.139955713,       1.342315243,       3.752338003,       1.466023241,       3.472601012,       3.596521631,       3.192220743,       4.516553524,       3.401736013,      0.0565631703,     0.05350338816,     0.05313762222,     0.05453708571,    -0.04871019909,    -0.07765048919,     -0.0760987395,      0.2177412664,     -0.2024594278,       1.114817511
         104,      -5.303453102,      -4.814685326,      -4.965518271,       3.064739526,       1.436006062,   -0.005606666469,       3.423276683,       3.530231626,       1.497174078,       3.633866767,       1.442285591,       1.457431622,       1.334111898,       3.585492127,       1.465499419,       3.516799888,        3.57441923,       3.209799333,       4.500745588,       3.417670016,     0.05645838812,     0.05353995451,     0.05297487576,     0.05452676813,    -0.04901902904,    -0.07760280445,    -0.07641795404,      0.2174999865,     -0.2030397875,       1.083075572
         105,      -5.286249564,      -4.827334637,      -4.976101356,       3.061287206,       1.433167109,    0.001118367361,       3.436490652,       3.431460031,       1.491934937,       3.548140783,       1.444069026,       1.800364503,       1.327648391,       3.422600246,       1.463998267,       3.554168388,        3.55767964,       3.238727843,       4.494454315,        3.43760902,      0.0563569022,     0.05357319257,     0.05284631164,      0.0544985036,    -0.04926451738,    -0.07760025291,    -0.07686800653,        0.21727491,     -0.2037327768,       1.056845296
         106,      -5.273349313,      -4.841133687,      -4.983428709,       3.066480234,       1.430564108,    0.007026651478,       3.454194122,       3.348699576,       1.487097546,       3.456479492,       1.445603904,       2.162006715,       1.323038275,        3.26724124,       1.461519295,       3.584465975,       3.546687468,       3.278267806,       4.497044342,       3.461220774,      0.0562626992,     0.05360180354,     0.05275439332,      0.0544521388,    -0.04944569777,    -0.07764469329,    -0.07743582877,      0.2170710349,     -0.2045262198,       1.035823568
         107,      -5.265169923,      -4.855649286,       -4.98688333,        3.07938704,       1.428268806,     0.01255554306,       3.475970269,       3.280149483,       1.482824204,       3.359944419,       1.446859511,       2.535045562,       1.320368436,       3.122846902,       1.458139755,       3.607150103,       3.541695215,       3.327313835,       4.507655846,       3.488525812,     0.05617930004,     0.05362520314,     0.05270106872,     0.05438898134,    -0.04956076286,    -0.07773750959,    -0.07810402748,      0.2168945532,     -0.2054022999,       1.019130034
         108,      -5.261996777,      -4.870496219,      -4.986250942,       3.098840953,       1.426348401,     0.01740280188,       3.501680132,       3.223541099,       1.479240783,       3.259677452,       1.447813342,       2.912015304,       1.319665289,       2.992393823,       1.453996642,       3.622404725,       3.542927596,       3.384992089,       4.525189355,       3.519082933,     0.05610930196,     0.05364298079,      0.0526870169,     0.05431148007,    -0.04961232423,    -0.07788017825,    -0.07885801648,      0.2167507797,      -0.206350519,       1.006106421
         109,      -5.264096004,      -4.885056627,      -4.981589472,        3.12342832,       1.424867091,     0.02155840851,       3.531061302,       3.176331825,       1.476440701,       3.156891327,       1.448451655,       3.285340239,       1.320907183,       2.878226082,       1.449276609,       3.629884636,       3.550527049,        3.45047447,       4.548295411,       3.552619711,      0.0560545269,     0.05365490171,      0.0527118623,     0.05422305342,    -0.04960073951,    -0.07807347936,    -0.07968384913,      0.2166443443,      -0.207358068,      0.9956757002
         110,      -5.271842716,      -4.898550467,      -4.973562321,       3.151536071,       1.423868742,     0.02437864433,       3.564206423,       3.135868944,       1.474450904,       3.052875277,       1.448759183,        3.64759258,       1.324025216,       2.781906848,       1.444193574,       3.631456683,       3.564612524,       3.522459519,       4.575404814,       3.588585067,     0.05601551711,      0.0536606933,     0.05277417602,      0.0541276591,    -0.04953766547,     -0.0783180628,    -0.08056228693,      0.2165780455,     -0.2084180152,      0.9868197467
         111,       -5.28532666,      -4.909995484,      -4.963038057,       3.181477344,       1.423364315,     0.02646943174,       3.600467696,       3.099589372,       1.473214019,       2.948971404,       1.448714925,       3.991984507,       1.328896109,       2.704120232,       1.438970686,       3.626103299,       3.585017659,       3.599825136,       4.604841659,       3.626937128,     0.05599120858,     0.05365995812,     0.05287134941,      0.0540294494,    -0.04941992832,    -0.07861180011,    -0.08147782274,      0.2165519655,     -0.2095095512,      0.9779045308
         112,      -5.304996706,      -4.918897563,      -4.950857482,       3.211567009,       1.423348476,      0.0276975935,        3.63956393,       3.065248955,       1.472635455,       2.846567773,       1.448304429,       4.312457725,       1.335356559,       2.644690156,       1.433834597,       3.614515629,       3.611429393,       3.681485042,       4.634915485,       3.667261524,     0.05597976764,     0.05365242627,     0.05299993222,     0.05393268013,    -0.04925330875,    -0.07895099222,    -0.08241578607,      0.2165648063,      -0.210620087,      0.9676539616
         113,      -5.331237605,      -4.924492263,      -4.938440835,        3.24017279,       1.423798935,     0.02869209382,       3.680816701,       3.031041976,       1.472593844,       2.747094436,       1.447516018,       4.603722667,       1.343215425,       2.602630766,       1.428997021,       3.596422856,       3.643731019,       3.765761293,       4.663971726,       3.709508794,     0.05597884713,     0.05363788246,     0.05315589847,     0.05384137333,    -0.04903835853,    -0.07933479283,    -0.08335692973,      0.2166140014,     -0.2117300811,      0.9544629312
         114,      -5.364833437,      -4.926314924,      -4.927100225,       3.265790333,       1.424672649,     0.02814488706,       3.724346369,       2.995667778,       1.472942146,       2.652017546,        1.44633613,       4.861381947,        1.35225784,       2.576242527,       1.424641343,       3.572813133,       3.681908414,       3.852195147,       4.690462982,       3.752491256,     0.05598564027,      0.0536160708,     0.05333475946,     0.05375903637,    -0.04878191799,    -0.07976302727,    -0.08429538283,      0.2166955069,     -0.2128403281,      0.9379717257
         115,      -5.406583146,      -4.925350215,      -4.917158532,       3.287136148,        1.42590704,     0.02665861931,       3.769386754,        2.95837318,       1.473517205,       2.562826907,       1.444750484,       5.082076649,       1.362251934,       2.563271789,       1.420911186,       3.544047447,       3.725401266,       3.939022613,       4.713043187,       3.796045373,     0.05599705084,     0.05358671587,     0.05353172448,     0.05368844294,     -0.0484876974,    -0.08023005117,    -0.08521277364,      0.2168039341,     -0.2139305222,      0.9169978142
         116,      -5.456724342,      -4.922096365,      -4.909730428,       3.303195227,       1.427431371,      0.0237637238,        3.81561083,       2.918955488,       1.474154604,       2.481020133,        1.44274736,       5.263441648,       1.372983091,       2.561095562,       1.417904304,       3.510845823,       3.773245696,       4.025787926,       4.730626597,       3.839374554,     0.05600995738,     0.05354958594,      0.0537423815,     0.05363150752,    -0.04815951177,    -0.08072605259,    -0.08610502411,      0.2169334323,     -0.2149905885,      0.8912520438
         117,      -5.517426803,      -4.917495087,      -4.905226342,       3.313248646,       1.429165447,     0.02000366902,       3.862207447,       2.877729685,       1.474701723,       2.408080278,       1.440318631,       5.404045992,       1.384235456,       2.566916678,       1.415669708,       3.473569581,       3.824570443,       4.111006717,       4.742414093,       3.882211116,     0.05602145591,     0.05350451368,     0.05396235387,       0.053589218,    -0.04780145354,    -0.08124260706,    -0.08695838687,      0.2170775415,     -0.2160024475,      0.8602029774
         118,      -5.589716668,      -4.912499029,      -4.904321188,       3.317403138,       1.430886315,     0.01585633841,       3.907803462,       2.835545001,       1.474789033,       2.345313417,       1.437393362,       5.504897472,       1.395637721,        2.57853689,       1.414129391,         3.4327743,       3.878039927,        4.19224042,       4.748289453,         3.9236598,     0.05602422912,     0.05344999779,        0.05418419,     0.05356001121,    -0.04742090646,    -0.08176828221,    -0.08775240283,      0.2172184281,     -0.2169415915,       0.824629653
         119,      -5.673849713,      -4.907886011,       -4.90703791,       3.315832176,       1.432572158,      0.0112274328,       3.951548177,       2.794030044,        1.47444635,       2.293979991,       1.434047184,       5.566562578,       1.406992576,       2.593719331,       1.413283281,       3.389059124,       3.932440007,       4.268271997,       4.748404334,        3.96277561,     0.05601758005,      0.0533875281,     0.05440414418,     0.05354399473,    -0.04702494542,    -0.08229361184,    -0.08847928595,      0.2173532471,     -0.2177978432,      0.7856287242
         120,      -5.763415764,      -4.904762829,      -4.913482063,       3.308318672,       1.434312416,    0.006313612025,       3.993024781,       2.754707328,       1.473952902,       2.255344573,       1.430384248,       5.588651189,        1.41824028,       2.609703255,       1.413155271,       3.342978705,       3.986718098,       4.338836504,       4.742631089,       3.999338393,     0.05600632972,     0.05331922927,     0.05462125006,     0.05354176963,    -0.04661737843,    -0.08280982342,    -0.08914012237,      0.2174885787,     -0.2185673242,      0.7432926954
         121,      -5.836798983,      -4.903898152,      -4.923868277,       3.294921365,       1.435989515,  -0.0001128659761,       4.032411429,       2.718523998,       1.473224954,       2.230847623,       1.426363734,       5.571766871,       1.429174191,       2.624251021,       1.413607167,       3.295143809,       4.039796461,       4.405104668,        4.73091088,       4.032298563,     0.05598966478,     0.05324421304,     0.05483150378,     0.05355059895,    -0.04620229944,    -0.08330796904,    -0.08974734106,      0.2176159806,     -0.2192576095,      0.6986123173
         122,      -5.864571323,      -4.905433368,      -4.938360342,       3.276024356,       1.437518408,   -0.007198411715,       4.068887031,       2.686458111,       1.472210077,       2.221971116,       1.421997448,       5.517193408,        1.43964057,       2.635648721,       1.414496212,       3.246160072,       4.090641564,       4.465873868,       4.713542764,       4.061688619,     0.05596717347,     0.05316262517,     0.05503201752,     0.05356771713,     -0.0457836049,    -0.08377940002,    -0.09029222388,      0.2177295333,     -0.2198552288,      0.6518541451
         123,      -5.828373161,      -4.909707741,      -4.957243694,       3.252315688,       1.438823582,    -0.01529336499,       4.102262481,       2.659503173,        1.47087709,       2.230086582,       1.417320906,       5.426845666,       1.449499933,       2.642836916,       1.415660182,       3.196660685,       4.138344079,       4.521354769,        4.69113927,       4.086969116,     0.05593872041,     0.05307507083,     0.05522022164,     0.05359000687,    -0.04536556844,    -0.08421668888,    -0.09077825731,      0.2178240198,     -0.2203605146,      0.6041701532
         124,      -5.757832487,      -4.916420732,      -4.980361555,        3.22473796,       1.439838308,    -0.02353766339,       4.131727732,       2.638652381,       1.469221342,       2.256419286,       1.412391362,       5.303076652,       1.458613922,       2.645452732,       1.416924951,       3.147328031,       4.182276957,       4.570073814,       4.664576268,       4.108190069,     0.05590440088,     0.05298256994,     0.05539359687,     0.05361414242,    -0.04495337968,    -0.08461530911,    -0.09119473609,      0.2178947101,     -0.2207634249,      0.5563861987
         125,      -5.682910864,      -4.925561809,      -5.007853513,       3.194320631,       1.440560213,    -0.03138704143,       4.156791098,       2.624774678,       1.467350007,       2.301788444,       1.407309082,       5.148599894,       1.466910473,       2.643580967,       1.418152919,        3.09881436,       4.221731715,       4.611431414,       4.634880843,       4.125404056,     0.05586619475,     0.05288702565,     0.05555094808,     0.05363755349,    -0.04455211384,    -0.08496917968,    -0.09153862425,       0.217941722,     -0.2210599178,      0.5094767871
         126,      -5.616157119,      -4.936835409,      -5.039172989,       3.162136121,       1.440985558,    -0.03919679706,       4.177489178,        2.61837794,       1.465365541,       2.366569639,       1.402171622,       4.966571009,       1.474315293,       2.637762421,       1.419214101,       3.051757623,       4.256753543,       4.645410398,       4.603121679,       4.138292381,     0.05582611841,     0.05279027743,     0.05569102048,     0.05365779459,     -0.0441669897,    -0.08527918105,    -0.09181155281,      0.2179652109,     -0.2212577236,      0.4648292982
         127,      -5.560916518,      -4.949621819,       -5.07330892,       3.129320936,       1.441096461,    -0.04679589843,       4.193707023,       2.619636277,       1.463328099,       2.450762006,       1.397071301,       4.760521925,       1.480743149,       2.629025403,        1.41998488,       3.006812865,       4.286311055,       4.672614178,       4.570417397,       4.146911124,     0.05578543819,     0.05269404391,      0.0558123223,     0.05367251445,    -0.04380352672,    -0.08553591754,    -0.09202029791,      0.2179643189,     -0.2213597422,       0.423506273
         128,      -5.515936741,      -4.963307887,      -5.108556421,       3.097052619,       1.440888502,    -0.05468210733,       4.205562314,       2.628480635,       1.461296902,       2.553926659,       1.392114541,       4.534316562,       1.486123495,       2.618785173,       1.420370595,       2.964623734,       4.311376542,       4.692392491,       4.537941121,       4.150880207,     0.05574532333,     0.05260033207,     0.05591364111,      0.0536799189,    -0.04346716098,    -0.08574894167,    -0.09216071873,      0.2179392154,     -0.2213768214,      0.3870609135
         129,      -5.480922367,      -4.976992727,      -5.142329863,       3.066516616,       1.440363772,     -0.0612026551,       4.212384663,        2.64465614,       1.459319791,       2.675210656,       1.387414323,       4.292027223,       1.490391636,       2.608743981,       1.420303936,       2.925809272,       4.330515071,       4.704458572,       4.506880388,       4.151182008,     0.05570666937,     0.05251128658,     0.05599386525,     0.05367873152,    -0.04316315547,    -0.08590442573,    -0.09223152844,      0.2178905527,     -0.2212991096,      0.3556983799
         130,      -5.454068793,      -4.990365756,      -5.170932497,        3.03884603,       1.439546295,     -0.0667097255,       4.214504604,       2.667712857,       1.457463943,       2.813164286,       1.383091721,       4.038046318,       1.493503461,       2.600713695,       1.419757405,       2.890903039,       4.344042336,       4.709276232,       4.478392325,       4.147794879,     0.05567069105,     0.05242924238,     0.05605227188,     0.05366844962,    -0.04289612775,    -0.08600535765,    -0.09223738862,      0.2178206549,      -0.221138874,       0.330597446
         131,      -5.434785164,      -5.002556068,      -5.190494033,       3.015104306,        1.43845471,    -0.07166334832,       4.212376405,       2.697023659,       1.455763816,        2.96585369,       1.379256018,       3.776975829,       1.495415317,       2.596532099,       1.418725858,       2.860352728,       4.352666737,       4.707239752,       4.453559016,       4.140713057,     0.05563804534,     0.05235630746,     0.05608811184,     0.05364897386,    -0.04267005325,    -0.08605950566,    -0.09218222757,      0.2177314385,     -0.2209117865,      0.3128459595
         132,      -5.422333168,      -5.013259363,      -5.197908237,        2.99627598,       1.437107513,      -0.076393219,       4.206428698,       2.731893766,       1.454224917,       3.130930159,       1.376008233,       3.513518045,        1.49609418,       2.597971067,       1.417228496,       2.834542871,       4.356927223,       4.698832433,       4.433383494,       4.130035479,     0.05560883861,     0.05229443531,     0.05610080382,      0.0536206592,    -0.04248847309,    -0.08607042468,    -0.09207050826,      0.2176247369,      -0.220629406,      0.3033480147
         133,      -5.416273666,       -5.02233172,      -5.192962757,       2.983243801,       1.435530974,     -0.0801132378,       4.196663924,       2.771652114,       1.452840044,       3.305689233,       1.373436547,       3.252372966,       1.495532325,       2.606624641,       1.415311789,       2.813778944,       4.356128886,       4.684674311,       4.418774775,       4.116550686,     0.05558290752,     0.05224534337,     0.05609021697,     0.05358438067,    -0.04235414872,    -0.08603162378,    -0.09190764727,      0.2175028485,     -0.2202934198,       0.302224089
         134,      -5.416116207,      -5.029803974,      -5.178049962,       2.976751601,         1.4337614,    -0.08303791032,       4.183470805,       2.815681273,       1.451599397,       3.487115569,        1.37161391,        2.99816352,       1.493749429,       2.623800091,       1.413047339,       2.798255464,       4.351014791,       4.664965138,       4.410513001,       4.100432895,     0.05556002296,      0.0522104651,     0.05605671214,     0.05354149318,    -0.04226888211,     -0.0859520277,     -0.0916952821,      0.2173686934,     -0.2199161919,      0.3100801056
         135,      -5.421610998,      -5.035637568,      -5.157324221,       2.977377275,       1.431838987,    -0.08497149802,        4.16722286,       2.863433864,          1.450484,       3.672003861,       1.370591139,       2.755306732,       1.490788742,       2.650450023,       1.410524051,         2.7880657,       4.342167814,       4.640006714,       4.409216262,       4.082251362,     0.05553978449,     0.05219080487,     0.05600106274,     0.05349367985,    -0.04223316818,    -0.08583743794,    -0.09143575716,       0.217225332,     -0.2195063633,      0.3269649003
         136,      -5.432377655,      -5.040587569,      -5.134073707,        2.98550661,       1.429809578,    -0.08629305749,       4.148514604,       2.914442218,        1.44947173,       3.857047647,         1.3703966,       2.527916949,       1.486721028,       2.687114457,       1.407845158,       2.783294237,       4.330933673,       4.609869918,       4.415316188,       4.062221546,      0.0555217319,     0.05218692956,     0.05592453708,     0.05344290181,    -0.04224698781,    -0.08570056976,    -0.09112939363,      0.2170761004,     -0.2190769512,      0.3530946418
         137,      -5.448615658,      -5.044823994,      -5.110754864,       3.001328677,       1.427720575,     -0.0869386675,         4.1278407,       2.968336705,       1.448535053,       4.038985658,       1.371033782,       2.319680895,       1.481641755,       2.733911599,       1.405119817,       2.783863281,       4.317600698,       4.575379379,       4.429049251,       4.040902033,     0.05550531013,      0.0521989153,     0.05582884863,     0.05339123663,    -0.04230855018,    -0.08554414619,    -0.09078294457,      0.2169243107,     -0.2186356409,      0.3881472183
         138,      -5.470146626,      -5.048275254,      -5.089243634,       3.025125663,       1.425570651,    -0.08701695853,       4.105562767,       3.025282204,        1.44754565,       4.215610714,       1.372442969,       2.133211711,       1.475645968,       2.790988815,       1.402422904,        2.78945118,       4.302498471,       4.537073255,       4.450696314,       4.018545809,     0.05548789636,     0.05222555068,     0.05571563452,     0.05334005228,    -0.04241444957,    -0.08537328536,    -0.09040128052,      0.2167691338,     -0.2181890154,      0.4321505055
         139,      -5.496557437,       -5.05138998,      -5.070446012,       3.056741873,       1.423485564,     -0.0870311582,         4.0824085,       3.085369991,       1.446620208,       4.383986792,       1.374632577,       1.971070994,       1.468937268,       2.857685364,       1.399907965,       2.799620953,       4.286736347,        4.49563914,       4.480227437,       3.995377342,     0.05547121401,      0.0522670797,     0.05558872491,     0.05329236708,    -0.04255999866,    -0.08520034433,    -0.08999001965,      0.2166193857,     -0.2177503626,      0.4848500953
         140,      -5.527740942,      -5.054346771,      -5.054938342,       3.095691024,       1.421535598,    -0.08707663456,       4.058923772,       3.148375189,       1.445800768,       4.541296082,       1.377549991,        1.83531477,       1.461677047,       2.932874076,       1.397684011,       2.813791839,       4.271145636,       4.451655933,       4.517226621,       3.971847138,     0.05545610142,      0.0523224787,     0.05545110163,     0.05325027111,    -0.04273960882,    -0.08503294228,    -0.08955365983,      0.2164799529,     -0.2173262109,      0.5453794833
         141,      -5.563633076,       -5.05727395,      -5.042927827,       3.141284947,       1.419764398,    -0.08605452057,       4.035038528,       3.213909475,       1.445091054,       4.685063355,       1.381113877,       1.727476802,       1.454014685,        3.01512021,       1.395833243,       2.831449778,       4.255079692,       4.405620217,       4.561049345,       3.948984007,     0.05544280125,     0.05239013842,     0.05530550624,     0.05321531836,    -0.04294774752,    -0.08486623667,    -0.08909603798,      0.2163537643,     -0.2169100222,      0.6120653376
         142,      -5.603262787,      -5.060258323,      -5.034314965,       3.192708015,       1.418208261,    -0.08398250729,       4.011055305,       3.281557133,       1.444486051,       4.813268907,       1.385232181,       1.648485301,       1.446109806,       3.102809981,       1.394418931,       2.852020515,        4.23900885,       4.357887286,       4.610916276,       3.927072798,     0.05543135186,     0.05246824403,     0.05515490168,     0.05318869488,    -0.04317860701,    -0.08470715439,    -0.08861988904,      0.2162431924,     -0.2165056504,      0.6838434781
         143,      -5.646308159,      -5.063061245,      -5.029056184,       3.248990207,       1.416912976,    -0.08210447993,       3.987859726,        3.35085579,       1.444011634,       4.924246951,        1.38981627,       1.598661278,         1.4381367,       3.194139192,       1.393495135,       2.874888212,       4.224736174,       4.308959027,       4.665903183,       3.905755247,     0.05542228619,     0.05255506926,     0.05500258133,      0.0531714243,    -0.04342596301,    -0.08457395607,    -0.08812937763,      0.2161513611,     -0.2161292967,      0.7601479361
         144,      -5.690398788,      -5.065681912,      -5.026977325,       3.308920778,       1.415933562,    -0.08047952147,       3.965776126,       3.421131857,       1.443730823,       5.016560932,       1.394785873,       1.577704693,       1.430271185,       3.287035443,       1.393108583,       2.899467483,       4.212727637,        4.25929256,        4.72485434,       3.885296605,     0.05541683966,     0.05264906782,     0.05485191927,     0.05316440181,    -0.04368387945,     -0.0844706296,    -0.08762830854,      0.2160822286,     -0.2157828176,       0.839557735
         145,      -5.732080289,      -5.068034977,      -5.028139168,       3.371191366,       1.415295844,    -0.07824062533,       3.944691808,       3.491557624,       1.443674884,       5.089196633,       1.400041042,        1.58474678,       1.422659434,       3.379404784,        1.39327485,       2.925092753,       4.202274994,        4.20948473,       4.786487211,       3.866451183,     0.05541570054,     0.05274830314,     0.05470571768,     0.05316789693,    -0.04394571778,    -0.08439105122,    -0.08712202839,      0.2160376183,     -0.2154587974,      0.9200360278
         146,      -5.766629712,      -5.070221663,      -5.032219199,        3.43435591,       1.415030747,    -0.07567077048,       3.924935819,       3.561124613,       1.443894103,       5.141448948,        1.40549279,       1.618337356,        1.41545187,       3.469092078,       1.393999354,       2.951233791,       4.193933544,       4.159955203,       4.849386657,       3.849265048,     0.05541986944,     0.05285107414,     0.05456692304,     0.05318199944,    -0.04420616479,    -0.08434108436,    -0.08661444046,       0.216019866,     -0.2151616896,       1.000121609
         147,      -5.788789715,      -5.072298747,      -5.039152018,       3.496957871,       1.415147987,    -0.07217689409,       3.906420846,       3.628720242,       1.444414678,       5.173011251,       1.411046313,       1.676556951,       1.408774522,       3.554077382,       1.395261535,       2.977257356,       4.187094787,       4.111327338,       4.912105857,       3.834243952,     0.05542989506,     0.05295556656,      0.0544380345,     0.05320628981,    -0.04445973405,    -0.08431684248,    -0.08611157742,      0.2160297859,      -0.214888154,       1.077861905
         148,      -5.796639124,      -5.074409276,      -5.048827155,       3.557502819,       1.415657347,    -0.06932143867,       3.890062077,       3.693091783,       1.445281309,       5.183859144,       1.416622283,       1.757076121,       1.402729522,       3.632413763,       1.397034313,       3.002814516,       4.183955349,       4.063827865,       4.973160166,       3.820740638,      0.0554466264,     0.05306028811,     0.05432110215,     0.05324024221,    -0.04470316132,    -0.08433545628,    -0.08561609198,      0.2160682589,     -0.2146547096,       1.152419528
         149,      -5.790030028,      -5.076772352,      -5.061080738,        3.61457322,        1.41654703,    -0.06668362599,       3.875821389,       3.752924546,       1.446509951,       5.174299257,       1.422137027,         1.8573127,       1.397392825,       3.702395286,       1.399266749,       3.027335669,       4.183959133,       4.018192186,       5.031120251,       3.809137763,     0.05547038083,     0.05316366241,     0.05421766428,     0.05328287061,    -0.04493277667,    -0.08439083548,    -0.08513556168,      0.2161345781,     -0.2144591738,       1.221982487
         150,       -5.77137292,      -5.079723582,      -5.075706609,       3.666810076,       1.417802844,    -0.06373979178,       3.863515537,       3.806864322,       1.448118873,       5.144896618,       1.427517753,       1.974419955,        1.39282702,       3.762527293,       1.401900406,       3.050850572,       4.186409721,       3.974687748,        5.08461292,       3.799775745,     0.05550147301,     0.05326434072,     0.05412901723,     0.05333305834,    -0.04514811568,    -0.08447643653,    -0.08467351426,      0.2162278893,     -0.2142980665,       1.284837175
         151,      -5.746546398,      -5.083565463,      -5.092384521,       3.712976407,       1.419395022,    -0.06006265736,         3.8531285,       3.853572323,       1.450104315,       5.096471021,       1.432692031,       2.105410374,       1.389067891,       3.811594629,       1.404864655,        3.07281483,       4.190908782,       3.933989166,       5.132371429,       3.793065843,     0.05553980315,     0.05336098547,     0.05405593072,     0.05338944885,    -0.04534495207,    -0.08458691712,    -0.08423741245,      0.2163461682,     -0.2141692817,       1.339305586
         152,      -5.718604923,      -5.088693202,      -5.110736733,       3.751986541,        1.42128526,    -0.05585229572,       3.844799217,       3.891787533,       1.452448369,       5.030065749,       1.437593588,        2.24723159,       1.386131073,       3.848668406,        1.40808359,       3.093276859,       4.197523293,       3.896424104,       5.173271801,       3.788946922,     0.05558498729,     0.05345238485,     0.05399877294,     0.05345059202,    -0.04552277251,    -0.08472226166,    -0.08383165921,      0.2164867371,     -0.2140766934,       1.384324879
         153,      -5.691068024,      -5.095280783,      -5.130249483,       3.782912423,       1.423431971,    -0.05273836998,       3.839449791,       3.920360866,       1.455126344,       4.946927815,       1.442165502,       2.396796557,       1.384016694,       3.873089809,       1.411480994,        3.11185377,       4.208190187,        3.86258912,       5.206344394,       3.786711421,     0.05563650619,     0.05353751182,     0.05395760002,     0.05351504123,    -0.04567906746,    -0.08489610254,    -0.08346332117,      0.2166466593,     -0.2140384912,       1.419632973
         154,      -5.665457555,      -5.103660256,      -5.150214337,       3.805067251,       1.425775412,    -0.04997220181,       3.836736861,        3.93834898,       1.458078011,       4.848485704,        1.44634859,       2.551190561,       1.382698513,       3.884533996,       1.414972159,       3.128582461,       4.221872044,       3.832766418,       5.230842663,       3.786764659,     0.05569317402,     0.05361528745,     0.05393192584,     0.05358117881,    -0.04581421147,    -0.08509641836,    -0.08313665416,      0.2168215661,      -0.214047284,       1.444078004
         155,      -5.642386244,      -5.113925548,      -5.169768269,       3.817924594,       1.428271743,    -0.04731736158,       3.836585163,       3.944999645,        1.46126623,       4.736360206,       1.450107216,        2.70747423,       1.382148599,       3.882896283,       1.418489324,       3.143368153,       4.238040211,       3.807468998,       5.246196337,       3.789267802,     0.05575423349,     0.05368509775,     0.05392124092,     0.05364773559,    -0.04592802117,    -0.08531613915,    -0.08285806787,      0.2170083077,     -0.2141022282,       1.456928536
         156,      -5.621984576,      -5.126248505,      -5.187817372,        3.82128451,       1.430836737,    -0.04401808058,       3.838568523,          3.939878,       1.464577189,       4.612248799,       1.453384441,       2.863201431,       1.382300156,       3.868446567,       1.421940233,       3.156219938,       4.255466219,       3.787015688,       5.252121247,       3.794550443,     0.05581752622,     0.05374588897,     0.05392422437,     0.05371294014,     -0.0460212208,    -0.08554242253,    -0.08263219393,      0.2172005797,     -0.2141958373,       1.457570804
         157,      -5.604682608,      -5.140560594,      -5.203206019,        3.81511675,       1.433424671,    -0.04047009056,       3.842826958,       3.922861415,        1.46795916,       4.477979943,       1.456158931,        3.01594704,       1.383106453,        3.84163348,       1.425266101,       3.167439328,       4.274083797,       3.771791755,        5.24854142,       3.802356868,      0.0558819413,     0.05379731914,       0.053939982,     0.05377570744,    -0.04609614036,    -0.08577398536,    -0.08246410907,      0.2173949499,     -0.2143342348,       1.446184553
         158,      -5.590666675,      -5.156969326,      -5.214808219,         3.7995997,         1.4359744,    -0.03695381242,       3.849379893,       3.894078632,       1.471328955,       4.335480907,       1.458400623,       3.163534901,       1.384501325,       3.803123521,       1.428405223,       3.176848813,       4.293863709,       3.762071288,         5.2355741,       3.812426081,     0.05594588919,     0.05383885787,     0.05396721315,     0.05383487984,    -0.04615260939,    -0.08600894192,    -0.08235749971,      0.2175868401,      -0.214519051,       1.423148019
         159,      -5.579789872,      -5.175041293,      -5.221779583,       3.775124241,       1.438425017,     -0.0338733192,         3.8583247,       3.853954029,       1.474595345,       4.186780495,       1.460086771,        3.30402733,       1.386413413,        3.75379017,       1.431301629,       3.185014501,        4.31467582,        3.75804936,       5.213549258,       3.824451381,     0.05600765719,     0.05387010619,     0.05400450889,     0.05388940809,    -0.04619447227,    -0.08624364657,    -0.08231510732,      0.2177716804,     -0.2147532262,       1.389097878
         160,      -5.572121186,      -5.194355806,      -5.223921575,       3.742292571,       1.440717301,    -0.03117992896,       3.869445014,        3.80322386,       1.477663132,       4.033977052,       1.461201978,       3.435759071,       1.388768185,       3.694701305,       1.433904868,       3.191610247,       4.336132358,       3.759818121,       5.183009872,       3.838265085,     0.05606548903,     0.05389079503,     0.05405039554,     0.05393834649,      -0.046220774,    -0.08647446436,    -0.08233828588,      0.2179450261,     -0.2150335242,       1.344744787
         161,      -5.567600811,      -5.214060434,      -5.221361308,       3.701904589,       1.442793621,    -0.02831727696,       3.882287266,       3.742928245,       1.480434339,       3.879170218,       1.461737886,       3.557392582,       1.391488749,       3.627094318,       1.436168099,       3.196977687,       4.357012705,       3.767407344,        5.14469821,       3.853969989,     0.05611757971,     0.05390077516,     0.05410335027,     0.05398081538,    -0.04623419222,    -0.08669012445,    -0.08242756744,      0.2181025205,     -0.2153518841,        1.29072822
         162,       -5.56657689,      -5.233307433,      -5.214792798,       3.654922195,       1.444608107,    -0.02548555222,       3.896652691,       3.674387756,       1.482830541,       3.724448739,       1.461696676,       3.667855535,       1.394503795,       3.552337731,       1.438054633,       3.201017553,       4.376952638,         3.7807718,       5.099530302,       3.871167139,      0.0561624635,     0.05390009284,     0.05416196835,     0.05401613383,     -0.0462350464,    -0.08688827102,    -0.08258228781,      0.2182406585,     -0.2157056052,       1.228363163
         163,      -5.569142511,      -5.250964374,      -5.205300247,       3.602436379,       1.446124514,    -0.02299948493,        3.91247521,       3.599146391,       1.484791369,       3.571874343,       1.461089054,       3.766317719,       1.397744179,       3.471901515,       1.439536447,       3.204236477,       4.395715581,       3.799737169,       5.048560894,       3.889475725,     0.05619901843,     0.05388894792,     0.05422489345,     0.05404378445,    -0.04622681038,     -0.0870671433,    -0.08280027707,      0.2183566442,     -0.2160942307,       1.159085169
         164,      -5.575690892,      -5.265710513,      -5.194110324,       3.545642584,       1.447313701,     -0.0213671663,       3.929723202,       3.518915571,       1.486268876,       3.423463722,       1.459931727,       3.852188775,       1.401143953,       3.387339479,       1.440591633,       3.206390973,       4.413435498,       3.824178034,       4.992956285,       3.908356036,     0.05622637553,     0.05386764336,     0.05429083374,     0.05406336019,    -0.04620887771,    -0.08722744786,    -0.08307929904,      0.2184482128,     -0.2165156246,       1.084600249
         165,      -5.586255358,      -5.276195063,      -5.182412636,        3.48581383,       1.448152729,    -0.01975142604,       3.947798378,       3.435521077,       1.487225247,        3.28115679,       1.458247669,       3.925119623,       1.404639254,       3.300267688,       1.441204219,       3.207349279,       4.429135953,       3.853627689,       4.933966559,       3.928046952,     0.05624386835,     0.05383658995,     0.05435854102,     0.05407455988,    -0.04618110987,    -0.08736049601,     -0.0834137269,      0.2185135592,     -0.2169553328,       1.005919607
         166,      -5.601494271,       -5.28153944,      -5.171310562,       3.424270538,       1.448627056,    -0.01865579573,       3.966581075,       3.350854658,       1.487636884,        3.14678446,       1.456067586,       3.984990236,       1.408169676,       3.212337645,       1.441366121,       3.207311638,        4.44261694,       3.887815005,       4.872897594,       3.947925279,     0.05625109259,     0.05379633703,      0.0544268404,      0.0540772287,     -0.0461451445,    -0.08746639515,    -0.08379932048,      0.2185514987,     -0.2174108601,      0.9249723146
         167,      -5.622241499,      -5.281669184,      -5.161730069,       3.362346438,       1.448728888,    -0.01858111669,       3.986056091,       3.266814895,        1.48749227,       3.022020749,       1.453428991,       4.031912554,       1.411676052,       3.125203991,        1.44107609,       3.206686876,        4.45407962,       3.926186628,       4.811075326,       3.967474974,     0.05624785195,     0.05374755429,     0.05449458456,     0.05407133999,    -0.04610369673,    -0.08754807189,    -0.08422917897,      0.2185613308,     -0.2178809476,      0.8436003516
         168,      -5.648896996,      -5.277161501,      -5.154314419,       3.301357642,       1.448465782,    -0.01963144068,       4.005953722,       3.185269823,       1.486807004,       2.908373648,       1.450380321,       4.066168387,       1.415110913,       3.040506571,       1.440344367,       3.205236648,       4.463368752,       3.968244274,       4.749823424,       3.986322281,     0.05623442891,      0.0536911195,      0.0545608632,     0.05405709681,    -0.04605599253,    -0.08760464707,    -0.08469662062,      0.2185435084,     -0.2183572602,      0.7635011426
         169,      -5.681966571,      -5.268967747,      -5.149309061,       3.242571768,       1.447855313,    -0.02057971417,       4.025520793,       3.107987031,       1.485615456,       2.807167947,        1.44697611,       4.088180821,       1.418435389,       2.959859972,       1.439187912,       3.202366219,       4.469515974,       4.013294548,       4.690427081,       4.004941079,     0.05621146964,     0.05362802433,     0.05462493609,     0.05403484469,    -0.04599922378,    -0.08762722466,    -0.08519328846,      0.2184992747,     -0.2188197369,      0.6854860016
         170,      -5.722402044,      -5.258321182,      -5.147057652,       3.187179746,        1.44691962,    -0.02201021941,       4.044723057,       3.036577491,       1.483960254,       2.719521895,       1.443274382,        4.09849372,        1.42161553,       2.884836915,       1.437625751,       3.198594775,       4.472704081,       4.060690882,       4.634099367,       4.022712838,      0.0561797949,     0.05355932307,     0.05468615838,     0.05400497992,    -0.04593615222,    -0.08761897183,    -0.08571112566,      0.2184302563,     -0.2192662497,       0.611386529
         171,      -5.771137248,      -5.246823502,      -5.147692227,       3.136273891,       1.445684216,    -0.02410230266,       4.063440933,       2.972459555,       1.481891008,       2.646326947,       1.439336401,       4.097770984,       1.424619253,        2.81693314,       1.435678952,       3.194565807,        4.47313561,       4.109519251,       4.581958107,        4.03933863,     0.05614035537,     0.05348613044,     0.05474392162,     0.05396793355,    -0.04587078825,    -0.08758276432,    -0.08624000712,       0.218338341,     -0.2196935597,      0.5426194765
         172,      -5.827628321,      -5.235673515,      -5.151446634,       3.090816305,       1.444185497,     -0.0268244947,       4.081377456,       2.916840781,       1.479472774,       2.588236379,       1.435228596,        4.08675001,       1.427426799,       2.757509247,       1.433379761,       3.189794318,       4.470827974,       4.159181536,       4.535001801,       4.054552962,     0.05609437924,     0.05340966674,     0.05479785914,     0.05392432945,     -0.0458012621,    -0.08751913986,    -0.08677255414,      0.2182262346,     -0.2200929561,      0.4804488396
         173,      -5.891886492,      -5.225939085,      -5.158221643,       3.051610801,       1.442463144,    -0.02942883217,         4.0980182,       2.870682305,       1.476770963,       2.545646792,       1.431017048,       4.066226323,       1.430022892,       2.707742601,       1.430770062,       3.183671402,       4.465676909,       4.208727723,       4.494073945,       4.068589368,     0.05604310247,     0.05333114818,     0.05484768688,      0.0538749401,    -0.04572481954,    -0.08742765274,    -0.08729876298,      0.2180968776,     -0.2204512353,      0.4254845773
         174,      -5.961363833,      -5.218352462,       -5.16834345,       3.019284084,       1.440568547,    -0.03214337895,       4.113238719,       2.834696467,         1.4738672,       2.518701837,       1.426770844,       4.037009769,       1.432403398,       2.668588636,       1.427908746,       3.176744315,       4.457637357,       4.257607847,       4.459852631,        4.08109534,     0.05598805436,     0.05325186265,     0.05489334169,     0.05382084442,    -0.04564491079,    -0.08730823853,    -0.08781216012,      0.2179541031,     -0.2207653094,      0.3787572908
         175,      -6.029530946,      -5.213602434,       -5.18146868,        2.99428601,       1.438545908,    -0.03511231196,       4.126901218,       2.809326377,       1.470825826,       2.507309373,       1.422552282,       3.999935139,       1.434560385,       2.640769714,       1.424855138,       3.169872232,       4.446846439,       4.304932773,       4.432831918,       4.091788906,     0.05593045764,     0.05317296374,     0.05493467538,     0.05376312417,    -0.04556657056,    -0.08716386168,    -0.08830382755,      0.2178012209,     -0.2210342598,      0.3410430124
         176,      -6.079075611,      -5.212019649,      -5.197713009,       2.976861855,        1.43645671,    -0.03842427684,       4.138891275,       2.794764138,       1.467737737,       2.511110155,       1.418432731,       3.955813368,       1.436502284,       2.624719583,       1.421685867,       3.162380729,       4.433933292,       4.350111356,       4.413318565,       4.100466998,     0.05587201255,     0.05309580201,     0.05497186867,     0.05370320338,    -0.04548661537,    -0.08700006187,    -0.08876753463,      0.2176428866,     -0.2212542119,      0.3128515669
         177,      -6.092410407,      -5.213860634,       -5.21655928,       2.967089367,       1.434341897,    -0.04225222397,       4.149162948,       2.790945012,       1.464653035,       2.529557827,       1.414467592,        3.90546264,       1.438222137,       2.620624034,       1.418469274,       3.154406077,       4.419708827,       4.392206025,       4.401431264,       4.106910724,     0.05581369233,     0.05302140702,     0.05500478025,     0.05364233937,     -0.0454061283,    -0.08682421167,    -0.08919458142,       0.217482219,     -0.2214249214,      0.2945205397
         178,      -6.061183576,       -5.21933785,      -5.237885173,       2.964813537,       1.432270527,    -0.04648586226,       4.157598508,       2.797555505,       1.461671765,       2.561795668,       1.410726258,       3.849658499,       1.439741116,       2.628315623,       1.415293295,       3.146011168,       4.404289791,        4.43085351,       4.397084064,       4.111112646,     0.05575736455,     0.05295112034,     0.05503384049,     0.05358220938,    -0.04532584741,    -0.08663674297,      -0.089581248,      0.2173245348,     -0.2215438384,      0.2859714185
         179,        -6.0030886,       -5.22842562,      -5.260754119,       2.969776703,       1.430265768,    -0.04989612103,       4.163474904,       2.814088203,       1.458807904,       2.606914222,       1.407243335,       3.789158285,       1.441048876,       2.647460278,       1.412216948,       3.137719846,       4.386668508,       4.465119995,       4.400042471,       4.113578783,     0.05570335035,     0.05288557413,     0.05505883431,       0.053523903,    -0.04524907236,    -0.08643039238,    -0.08991942763,      0.2171716618,     -0.2215988924,      0.2864636888
         180,      -5.938528776,      -5.241196859,      -5.284579475,       2.981450478,       1.428404353,     -0.0531291262,       4.167079693,       2.839793943,       1.456176621,       2.663622197,       1.404085087,        3.72466937,       1.442179954,       2.677284931,       1.409333464,       3.129203341,       4.367934224,       4.494864024,       4.409854831,       4.113950567,     0.05565375395,     0.05282608262,     0.05508046398,     0.05346923908,    -0.04517438079,    -0.08621535238,    -0.09020772084,      0.2170295396,      -0.221597454,      0.2959042641
         181,      -5.881450371,      -5.257448956,      -5.307991359,       2.999376027,       1.426672951,     -0.0561653484,       4.168293171,       2.873896998,       1.453730763,       2.730877577,       1.401253474,       3.656867669,       1.443099946,       2.717087477,       1.406675004,       3.121156412,       4.348219887,       4.519455343,       4.426048977,       4.112127822,     0.05560773875,     0.05277263239,     0.05509801699,     0.05341878253,     -0.0451060794,    -0.08599457869,    -0.09044115265,      0.2168971707,     -0.2215418107,      0.3139211551
         182,      -5.832660255,      -5.277023925,      -5.329784098,       3.023025699,       1.425114782,     -0.0601331248,       4.167641233,       2.915718954,       1.451524183,        2.80753264,       1.398788594,       3.586329475,       1.443826555,       2.765970467,        1.40430626,       3.113063597,        4.32926863,        4.53881598,       4.448140481,       4.107508108,      0.0555659923,     0.05272601978,     0.05511184736,     0.05337380008,    -0.04504206908,    -0.08578167786,    -0.09061955244,      0.2167776595,     -0.2214432994,       0.340632373
         183,      -5.792407244,      -5.299820762,      -5.348110626,       3.051541569,       1.423809311,    -0.06432002887,       4.164868588,       2.964230217,       1.449692391,       2.892000104,       1.396742757,       3.513573339,       1.444406877,       2.822535726,        1.40231078,       3.105760384,       4.310738712,       4.552387986,       4.475350881,       4.100548559,     0.05553091627,     0.05268732124,     0.05512291487,     0.05333595807,    -0.04498683973,    -0.08557561648,     -0.0907386973,      0.2166771105,     -0.2213011535,      0.3748023214
         184,      -5.759288921,      -5.325012652,      -5.362448982,       3.083919285,       1.422776274,    -0.06762199556,       4.159674556,       3.018033556,       1.448272334,       2.982611334,       1.395120817,       3.439165783,       1.444840202,       2.885184825,       1.400728361,       3.098715366,       4.292024317,       4.560317332,       4.506695559,       4.092052561,     0.05550345148,      0.0526566375,     0.05513120083,     0.05330602812,    -0.04493759596,    -0.08536902789,    -0.09080005253,      0.2165973179,     -0.2211066764,      0.4146429981
         185,      -5.733678588,      -5.351796672,      -5.371076521,        3.11921065,       1.421999085,     -0.0701490056,       4.152158042,       3.075698533,       1.447227513,       3.077839873,       1.393907169,       3.363733648,       1.445106009,       2.952361801,       1.399568364,       3.092680634,       4.273216484,       4.562481536,       4.541209735,       4.082009037,     0.05548315178,     0.05263364885,     0.05513627959,     0.05328417941,     -0.0448982969,    -0.08516619292,    -0.09080309865,      0.2165372596,     -0.2208675885,      0.4592006984
         186,      -5.715413428,      -5.379229923,      -5.374176364,       3.156420325,        1.42148463,    -0.07225445188,       4.142704172,       3.135784492,       1.446561713,       3.176056967,       1.393103818,        3.28793058,       1.445211762,       3.022391267,       1.398846477,       3.087197263,       4.255119308,       4.559276235,       4.577904955,        4.07044972,     0.05547019967,     0.05261841495,     0.05513830263,     0.05327074225,    -0.04486651202,    -0.08497384783,    -0.09075156526,      0.2164976595,     -0.2205919251,      0.5074552353
         187,      -5.704121364,      -5.405789863,      -5.372493884,       3.194659016,       1.421211293,    -0.07481858004,       4.131876237,       3.196976356,       1.446234062,       3.275810854,       1.392690083,       3.212394638,       1.445147057,       3.093733199,       1.398549471,        3.08286561,       4.238829585,       4.550791724,       4.615870309,       4.057057657,     0.05546392583,     0.05261053475,     0.05513705879,     0.05326546344,    -0.04484532475,    -0.08480179316,    -0.09064689098,      0.2164769828,     -0.2202940089,      0.5588126527
         188,      -5.699458637,      -5.429541969,      -5.366985547,       3.233019185,       1.421178783,    -0.07733297647,       4.119676144,       3.257999507,       1.446248911,       3.375583414,       1.392658967,       3.137763374,       1.444921002,       3.164796597,       1.398669137,       3.079288972,       4.224238477,        4.53730724,       4.654197967,       4.042343168,     0.05546439949,     0.05260990117,     0.05513273799,     0.05326820716,    -0.04483259116,    -0.08464798084,    -0.09049197442,      0.2164752458,     -0.2199725464,      0.6118547995
         189,      -5.700473647,      -5.448738532,      -5.359339992,       3.270706173,       1.421360185,    -0.07862354402,       4.105771194,        3.31769691,        1.44656865,       3.474041023,        1.39298219,        3.06466538,       1.444524619,       3.234157556,       1.399172086,       3.076935779,       4.210171173,       4.518905667,       4.692066358,        4.02714765,     0.05547092904,     0.05261596916,     0.05512515856,     0.05327831129,    -0.04483059061,     -0.0845029673,    -0.09028825639,       0.216490368,     -0.2196218143,      0.6649187083
         190,      -5.707781559,      -5.461550716,      -5.350749546,       3.306928038,       1.421747314,    -0.07915960861,       4.090636021,        3.37494814,       1.447191478,       3.569819994,       1.393643767,       2.993741679,       1.443965147,       3.300389256,       1.400034181,       3.075449088,       4.197315277,       4.496197126,       4.728675351,       4.011476412,     0.05548345136,     0.05262845253,     0.05511447104,     0.05329530082,    -0.04483727613,     -0.0843734617,    -0.09004147138,      0.2165216758,     -0.2192522092,      0.7171989395
         191,      -5.721216344,      -5.467326743,      -5.342165389,       3.341055671,       1.422302215,    -0.07839594406,        4.07422544,       3.428795543,        1.44806237,       3.661822673,       1.394604363,       2.925625084,       1.443230324,       3.362314232,       1.401208802,       3.075203053,       4.184913781,       4.469569944,       4.763357886,       3.995829496,     0.05550094622,     0.05264658302,     0.05510042352,     0.05331822723,    -0.04485432054,    -0.08425486129,    -0.08975574265,        0.21656618,     -0.2188649245,      0.7675283899
         192,      -5.741247593,        -5.4663229,      -5.334322162,       3.372487323,       1.423013392,    -0.07796126751,       4.057589837,       3.478363671,       1.449173161,       3.748951521,       1.395842971,       2.860945819,       1.442329638,       3.418795764,       1.402666989,       3.075899862,       4.174998599,       4.439717687,       4.795500715,        3.97962857,     0.05552320402,     0.05266997578,     0.05508320995,     0.05334651328,    -0.04487991105,    -0.08416347655,    -0.08943768231,       0.216622903,     -0.2184810699,      0.8158721457
         193,      -5.767516531,      -5.460300308,      -5.328181776,       3.400792542,       1.423841871,    -0.07785655252,       4.040999071,       3.522954035,       1.450467559,       3.830381253,       1.397317923,       2.800321885,        1.44125294,       3.468967685,       1.404358993,       3.077759402,       4.167694803,       4.407012085,       4.824634413,       3.963142519,     0.05554915978,     0.05269781773,     0.05506261975,     0.05337915578,    -0.04491479487,    -0.08409995511,    -0.08909138619,       0.216688753,     -0.2181061362,      0.8614918938
         194,      -5.799305189,      -5.450477322,      -5.323717337,       3.425588294,       1.424773684,    -0.07730224434,       4.024346979,       3.561969591,       1.451934598,        3.90531115,       1.399005695,       2.744356109,       1.440010014,       3.512056343,       1.406250661,       3.080602118,       4.162105152,       4.372051054,       4.850361977,       3.947044735,      0.0555785375,     0.05272967418,     0.05503885064,     0.05341549421,    -0.04495769082,    -0.08405534227,    -0.08872280058,      0.2167625565,     -0.2177358337,      0.9033172427
         195,        -5.8361907,       -5.43887454,      -5.321454697,        3.44664931,       1.425771216,    -0.07564588256,       4.007504344,       3.594971315,       1.453524202,        3.97317678,       1.400864412,       2.693634685,       1.438595184,       3.547564191,       1.408286755,       3.084430512,       4.157178182,       4.335445167,       4.872420526,       3.931858462,     0.05561037439,     0.05276473376,     0.05501177926,     0.05345445885,     -0.0450080797,    -0.08402327677,    -0.08833817671,      0.2168413463,     -0.2173695332,       0.940562064
         196,      -5.880411218,      -5.426869582,      -5.321522371,       3.464008059,       1.426778121,    -0.07323754782,       3.990802479,       3.621852862,       1.455148874,       4.033779712,       1.402839368,       2.648725157,       1.436995729,       3.575368723,       1.410395306,       3.089194542,       4.152967416,       4.297913618,        4.89078618,       3.917564932,     0.05564284924,     0.05280192493,     0.05498112826,     0.05349464476,    -0.04506550663,    -0.08400418161,    -0.08794498895,      0.2169205472,     -0.2170146772,      0.9732212482
         197,      -5.933106096,      -5.415633993,      -5.324330934,       3.477713114,       1.427791552,    -0.07142596346,       3.975187571,       3.642656374,       1.456817778,       4.086878562,       1.404912582,       2.610118117,       1.435241671,       3.595391355,       1.412540386,       3.094726193,       4.151354347,        4.25998545,       4.905504666,       3.903761608,     0.05567579139,     0.05284093773,     0.05494749567,     0.05353540489,    -0.04512856243,    -0.08401237551,    -0.08754899099,      0.2169996297,     -0.2166899289,       1.001743058
         198,      -5.993103877,      -5.406015209,      -5.329484637,       3.487680768,       1.428834392,    -0.07038529771,       3.960929432,       3.657258924,       1.458594465,       4.132050246,       1.407079878,       2.578208469,       1.433375372,       3.607473363,       1.414707319,       3.101070773,       4.152364023,       4.222223663,        4.91651516,       3.890544134,     0.05571030918,     0.05288174202,      0.0549117356,     0.05357651947,    -0.04519692786,    -0.08404790954,    -0.08715574203,      0.2170803063,     -0.2164005794,       1.025971025
         199,      -6.059053906,      -5.398312076,      -5.337256956,       3.494017282,       1.429849095,    -0.06854132572,       3.947456366,       3.665582032,       1.460393097,       4.169233234,       1.409280711,       2.553438792,       1.431381132,       3.611786942,       1.416827047,       3.107974633,       4.154080126,       4.185168237,       4.923866377,        3.87891504,     0.05574494614,     0.05292313959,     0.05487349561,     0.05361664266,    -0.04526862173,    -0.08409341009,     -0.0867709481,       0.217158224,     -0.2161329799,       1.044951337
         200,      -6.124429913,      -5.393089869,      -5.347270756,        3.49682556,       1.430836189,    -0.06597946436,       3.934899534,        3.66762904,       1.462218534,       4.198310645,        1.41150291,       2.536166568,       1.429290914,       3.608551829,       1.418874979,       3.115465301,       4.156215102,       4.149397427,       4.927661749,        3.86892007,     0.05577981053,     0.05296492603,      0.0548334046,     0.05365534774,    -0.04534322815,    -0.08414725053,    -0.08640036779,      0.2172334889,     -0.2158908465,       1.058741679
         201,      -6.188353722,      -5.390074738,      -5.359392109,       3.496360879,       1.431751018,    -0.06261999554,       3.923378853,       3.663531814,        1.46399099,       4.219415927,       1.413700872,       2.526749923,       1.427105489,       3.598231055,       1.420797327,       3.123391957,       4.158721785,       4.115327811,       4.928111897,       3.860758857,     0.05581351939,     0.05300620961,     0.05479143767,     0.05369159889,    -0.04541936875,    -0.08420889141,    -0.08604856543,      0.2173027656,     -0.2156768256,        1.06735304
         202,      -6.235985958,      -5.389531464,      -5.373761777,       3.492860385,       1.432601558,    -0.05994766986,       3.913696531,       3.653538663,       1.465716947,       4.232640068,       1.415867061,       2.525368915,       1.424871172,         3.5813189,       1.422579657,       3.131672121,       4.163293903,       4.083322152,       4.925461944,       3.853748861,     0.05584619413,     0.05304688176,     0.05474851782,     0.05372516598,    -0.04549606577,    -0.08429107179,    -0.08571938466,      0.2173667597,     -0.2155065222,       1.071713083
         203,      -6.254543054,      -5.391188921,      -5.389908946,       3.486667847,       1.433353008,    -0.05799191374,       3.905926891,       3.637996107,       1.467327354,       4.238267112,       1.417962574,       2.532176654,        1.42259863,       3.558475219,       1.424181144,       3.140114052,       4.169782673,       4.053814837,       4.920020854,       3.847934977,     0.05587662416,     0.05308618713,     0.05470482731,     0.05375526384,    -0.04557176602,    -0.08439167701,    -0.08541745181,      0.2174229024,     -0.2153808948,       1.072085877
         204,      -6.231363412,      -5.395070242,      -5.407456414,        3.47812253,       1.434011164,    -0.05588767376,       3.899671306,       3.617372099,       1.468822975,       4.236568331,        1.41998041,       2.547164078,       1.420326337,       3.530386008,       1.425592894,       3.148618266,       4.176888721,       4.027191092,       4.912133694,       3.843783632,     0.05590480248,      0.0531240215,     0.05466112058,     0.05378175536,    -0.04564547959,    -0.08449787814,    -0.08514673036,      0.2174716999,     -0.2152900881,       1.068350062
         205,      -6.184560985,      -5.401016073,      -5.426002584,       3.467650786,       1.434545636,    -0.05327845875,       3.894716172,       3.592220666,       1.470136269,       4.227971254,       1.421885844,       2.570317356,       1.418068663,       3.497847339,        1.42678336,       3.157020012,         4.1840308,       4.003617629,       4.902196421,       3.841437714,      0.0559294885,      0.0531597078,     0.05461764615,       0.053804025,    -0.04571592939,    -0.08460587874,    -0.08490930731,      0.2175108674,     -0.2152311154,       1.060758708
         206,      -6.128755425,      -5.408941134,      -5.445214754,       3.455637923,       1.434974845,    -0.05058912631,       3.891266934,       3.563200339,       1.471284251,       4.212865848,       1.423680237,       2.601400255,       1.415876244,       3.461633496,       1.427757874,       3.165202584,       4.191511737,        3.98340226,       4.890612767,       3.840677807,      0.0559509175,     0.05319330509,     0.05457540527,     0.05382220592,    -0.04578213497,    -0.08471804074,     -0.0847082755,      0.2175418338,     -0.2152084512,        1.04993496
         207,      -6.077260321,      -5.418555749,      -5.464789947,       3.442468689,       1.435293536,    -0.04807884874,       3.889455908,       3.530960793,       1.472243216,       4.191713365,       1.425345556,       2.640081622,       1.413779304,       3.422541959,       1.428508667,        3.17301324,       4.199682979,       3.966638943,       4.877762225,       3.841377059,     0.05596869025,     0.05322447028,     0.05453497637,     0.05383614621,    -0.04584290777,    -0.08483591863,    -0.08454469929,      0.2175642831,     -0.2152235257,       1.036385166
         208,      -6.031411294,      -5.429935981,      -5.484065677,       3.428486643,       1.435516139,    -0.04552518944,       3.889138594,       3.496173771,        1.47302436,       4.164989074,       1.426879599,        2.68583349,       1.411818311,       3.381353284,       1.429045138,       3.180344497,       4.208247996,       3.953361146,       4.864002781,       3.843613405,     0.05598306351,      0.0532531799,     0.05449715596,     0.05384603736,     -0.0458973414,    -0.08495571942,     -0.0844188797,      0.2175794367,     -0.2152719405,       1.020389377
         209,      -5.990876722,      -5.442706568,      -5.502215774,        3.41407953,       1.435622871,    -0.04323496137,       3.890354322,       3.459517179,       1.473575063,       4.133265992,       1.428256395,       2.738160749,       1.410007595,       3.338879355,       1.429355286,       3.187022979,       4.217157587,       3.943840453,       4.849702402,       3.847119361,     0.05599312535,     0.05327891922,      0.0544621969,     0.05385162385,    -0.04594430224,    -0.08507689128,    -0.08433330009,      0.2175858653,     -0.2153544936,       1.002583041
         210,      -5.956796879,      -5.456703467,      -5.518922287,       3.399595118,       1.435632887,    -0.04124468031,       3.893006594,       3.421747274,       1.473912547,       4.097097298,       1.429479897,       2.796383388,       1.408387683,       3.295882621,       1.429455335,       3.192958028,       4.226492901,        3.93782158,       4.835228005,       3.851761913,     0.05599912401,     0.05330178367,     0.05443090277,     0.05385322712,    -0.04598318789,    -0.08520054494,    -0.08428541296,      0.2175850376,     -0.2154691458,      0.9834660912
         211,       -5.92987482,      -5.471574985,      -5.533572488,       3.385341275,       1.435555907,    -0.03931403371,        3.89689609,       3.383579166,       1.474041864,       4.057045812,       1.430544861,       2.859732798,       1.406987281,       3.253076183,       1.429357008,        3.19801722,       4.235685444,       3.935478966,       4.820897182,       3.857582056,      0.0560011412,     0.05332167827,     0.05440383501,     0.05385106668,    -0.04601317594,    -0.08532147299,     -0.0842764976,      0.2175777212,     -0.2156111465,      0.9633151257
         212,      -5.909377982,      -5.487307958,       -5.54571552,       3.371550213,       1.435415844,    -0.03764998696,       3.902058327,       3.345679357,       1.473996243,       4.013669178,        1.43145636,       2.927254297,        1.40584053,       3.211101029,       1.429083924,       3.202133631,        4.24523718,       3.936435951,       4.806966058,        3.86440834,     0.05599980845,      0.0533387155,     0.05438167241,     0.05384560109,    -0.04603382987,    -0.08544259619,    -0.08430257502,      0.2175657975,     -0.2157790011,      0.9425577174
         213,       -5.89466287,      -5.503125713,      -5.554825035,       3.358442902,       1.435210556,    -0.03661240549,       3.908570986,       3.308634555,       1.473762202,       3.967559134,       1.432202351,       2.998022471,       1.404957464,       3.170563835,       1.428644361,       3.205175897,       4.255213173,       3.940897738,       4.793653458,        3.87195858,     0.05599493479,     0.05335265216,     0.05436459684,     0.05383697061,    -0.04604445785,    -0.08556430677,    -0.08436501976,      0.2175491544,     -0.2159737844,      0.9216948778
         214,      -5.885123513,       -5.51867874,       -5.56082062,       3.346184199,       1.434960533,    -0.03540203887,       3.915918716,       3.273016647,       1.473367232,       3.919293843,       1.432789589,       3.070983053,        1.40436119,       3.131997326,       1.428063102,       3.207105921,       4.264938105,        3.94828137,       4.781144732,       3.880516677,     0.05598701611,      0.0533636266,     0.05435306919,     0.05382565761,    -0.04604496712,     -0.0856800028,    -0.08445783072,      0.2175293695,     -0.2161828006,      0.9006280554
         215,      -5.880594015,      -5.533183999,      -5.563418772,       3.334909615,       1.434672376,    -0.03435486752,       3.924102425,       3.239322665,        1.47281736,       3.869448892,        1.43321494,       3.145097495,       1.404059293,       3.095876426,       1.427356377,        3.20783256,       4.274327639,       3.958716145,       4.769581991,       3.889747557,     0.05597617361,     0.05337157275,     0.05434723256,     0.05381196965,    -0.04603504427,     -0.0857900369,    -0.08458151634,      0.2175069486,     -0.2164065975,      0.8798344335
         216,      -5.881205552,       -5.54618115,      -5.563104012,       3.324679528,        1.43437099,    -0.03365981232,       3.933100537,       3.207988157,       1.472155412,       3.818577493,       1.433489188,       3.219203939,        1.40406795,       3.062582427,       1.426553059,       3.207358476,       4.283893479,       3.971603193,       4.759050518,       3.899440725,     0.05596319059,     0.05337670862,     0.05434741519,     0.05379647744,    -0.04601490074,    -0.08589860919,    -0.08472982267,      0.2174837918,     -0.2166433326,      0.8596097928
         217,      -5.886870145,      -5.556771907,      -5.559985291,       3.315536427,       1.434058118,    -0.03360902211,       3.942945884,       3.179344263,        1.47138551,       3.767234181,       1.433607507,       3.292226493,       1.404380781,       3.032445645,       1.425666809,       3.205678737,       4.293565755,       3.987093039,       4.749594544,       3.909336862,     0.05594817707,     0.05337893017,     0.05435348046,     0.05377943951,    -0.04598474732,     -0.0860042509,    -0.08490341412,      0.2174600272,     -0.2168924123,      0.8402576823
         218,      -5.897602709,      -5.564542778,      -5.554792409,       3.307455291,       1.433756353,    -0.03366838692,       3.953257532,       3.153660059,       1.470551298,       3.715952631,       1.433581825,       3.363005458,       1.405002327,       3.005697743,       1.424726293,       3.202777234,       4.303140696,       4.004425412,       4.741211644,       3.919589145,     0.05593193982,     0.05337847537,      0.0543655269,      0.0537614179,    -0.04594475759,    -0.08610453092,    -0.08509458647,        0.21743736,      -0.217143875,      0.8216224991
         219,       -5.91255565,      -5.568970094,      -5.548131796,       3.300412186,       1.433461626,    -0.03373438614,       3.963825991,       3.131109495,       1.469652005,       3.665265339,       1.433406808,       3.430528924,       1.405911351,       2.982530314,       1.423741757,       3.198727551,       4.312005491,       4.023653294,       4.733873812,       3.930091605,     0.05591450151,     0.05337522665,     0.05438312488,     0.05374260176,    -0.04589564229,    -0.08619469707,    -0.08530315732,      0.2174154548,     -0.2173934967,      0.8037822072
         220,      -5.932901008,      -5.570161006,      -5.540915743,       3.294323657,       1.433193551,    -0.03394985731,       3.974582278,       3.111814305,       1.468731075,       3.615676982,       1.433095962,       3.493742258,       1.407100649,       2.963027611,       1.422739915,        3.19348611,       4.320721473,        4.04402201,       4.727517208,       3.940632421,     0.05589665035,     0.05336945203,     0.05440614374,     0.05372351028,    -0.04583752323,    -0.08628006953,    -0.08552164334,      0.2173957564,     -0.2176392361,       0.786884787
         221,      -5.958791624,      -5.568139161,      -5.533974257,       3.289116679,       1.432945983,    -0.03442377039,       3.985434775,       3.095812662,       1.467787539,       3.567685806,       1.432645468,       3.551770078,       1.408538973,       2.947235606,       1.421731166,       3.187231997,       4.328827441,       4.065676679,       4.722062662,       3.951011004,     0.05587839332,     0.05336106279,      0.0544339589,     0.05370432188,     -0.0457717494,    -0.08635691967,     -0.0857507651,      0.2173777369,     -0.2178794342,      0.7710516574
         222,      -5.991274903,      -5.563674746,      -5.527843901,       3.284653533,       1.432739568,    -0.03539168446,        3.99639894,       3.083082016,       1.466869488,       3.521755805,       1.432072032,        3.60370117,       1.410213731,       2.935082078,       1.420743703,       3.179897639,        4.33714122,       4.087835433,       4.717393101,       3.961007256,     0.05586061029,     0.05335039095,     0.05446633783,      0.0536855829,    -0.04569834734,    -0.08643125363,     -0.0859829309,       0.217362922,     -0.2181125319,      0.7563858454
         223,      -6.030050758,       -5.55725295,        -5.5230771,       3.280839857,       1.432558185,    -0.03664793677,        4.00722163,       3.073532122,       1.465959859,       3.478352668,       1.431368366,       3.648870173,       1.412080531,       2.926496997,       1.419781181,       3.171758859,       4.344787082,       4.110621859,       4.713398041,       3.970573694,     0.05584302519,     0.05333727322,     0.05450239374,     0.05366733487,    -0.04561924876,    -0.08649622303,    -0.08621883643,       0.217350027,     -0.2183343082,      0.7428243478
         224,      -6.076448367,      -5.549806459,      -5.520183175,       3.277514126,       1.432424449,    -0.03780729015,       4.017623854,       3.067028023,       1.465111264,       3.437890874,       1.430556734,       3.686577587,       1.414124485,       2.921280323,       1.418872032,       3.162724795,        4.35194389,       4.133192687,       4.709938575,       3.979816563,     0.05582659237,      0.0533221526,     0.05454185625,      0.0536501361,    -0.04553438263,    -0.08655273544,    -0.08645053248,      0.2173407373,     -0.2185376506,      0.7301220115
         225,      -6.129198227,      -5.542094859,      -5.519355951,       3.274597136,       1.432310759,      -0.038872945,       4.027432263,       3.063399309,       1.464286731,       3.400795626,       1.429626293,       3.716426289,       1.416289114,       2.919289421,        1.41801034,       3.153154338,       4.357955492,       4.155610851,       4.706907895,       3.988559318,     0.05581066888,      0.0533047884,     0.05458359907,     0.05363384011,    -0.04544619592,    -0.08659690413,    -0.08667842001,      0.2173328965,     -0.2187215201,      0.7183485773
         226,      -6.190878455,      -5.534815362,      -5.521115566,        3.27193649,       1.432242854,     -0.0402491848,       4.036763221,       3.062455333,       1.463544393,       3.367412804,       1.428606016,        3.73797502,       1.418561241,       2.920237803,       1.417223424,       3.142933977,       4.363749914,        4.17727683,       4.704179344,       3.996514036,     0.05579627621,     0.05328575808,     0.05462739473,     0.05361899479,    -0.04535452205,    -0.08663654993,    -0.08689691492,      0.2173284238,     -0.2188879869,      0.7076653083
         227,      -6.260357558,      -5.528641533,      -5.525646477,       3.269467544,       1.432190831,    -0.04182734648,       4.045473855,       3.063975322,       1.462844605,       3.338101413,       1.427487424,        3.75106974,       1.420881258,       2.923922934,       1.416500102,       3.132479548,        4.36885871,       4.198130761,       4.701658376,       4.003646508,     0.05578273021,     0.05326486572,      0.0546720622,     0.05360535593,    -0.04526210835,    -0.08666701056,    -0.08710545024,      0.2173250141,     -0.2190345691,      0.6980118674
         228,      -6.337326684,      -5.524038157,      -5.533119142,       3.267059826,       1.432177523,     -0.0438985754,        4.05361405,       3.067715814,       1.462239922,       3.313123228,        1.42630112,       3.755549397,       1.423234514,       2.930007195,       1.415862152,       3.121667515,       4.373775698,       4.217862366,       4.699237349,       4.009715475,      0.0557709701,     0.05324271909,     0.05471734822,     0.05359336846,    -0.04516871236,    -0.08669296939,    -0.08730111426,      0.2173244059,      -0.219162796,      0.6895218744
         229,      -6.406091477,      -5.521364289,      -5.543722055,       3.264700703,       1.432165121,    -0.04559157885,        4.06067978,       3.073447654,       1.461673632,       3.292770623,       1.425037304,       3.751539195,       1.425558339,       2.938291798,       1.415289161,       3.110938414,       4.377272611,       4.236279021,       4.696865824,       4.015088201,     0.05576000155,     0.05321908967,     0.05476201183,     0.05358260857,    -0.04507723162,     -0.0867040726,    -0.08748228993,      0.2173237116,     -0.2192635941,      0.6817776228
         230,      -6.433942341,      -5.520882951,      -5.557526621,       3.262309403,       1.432178457,    -0.04733400614,       4.066805913,       3.080940539,       1.461199385,       3.277201899,       1.423732056,       3.739165277,         1.4278424,       2.948436576,       1.414800573,       3.100147908,       4.379892614,       4.253245345,       4.694487859,       4.019471907,     0.05575076218,     0.05319469419,     0.05480589155,     0.05357348365,    -0.04498731066,    -0.08670553992,    -0.08764772771,      0.2173248316,     -0.2193405783,      0.6750159525
         231,      -6.421430172,        -5.5225734,      -5.574232924,       3.259929789,       1.432177411,    -0.04885126521,        4.07178102,       3.089998059,       1.460754589,       3.266617811,       1.422377023,       3.718802519,       1.430024978,       2.960270626,       1.414370845,       3.089779521,       4.381248179,       4.268426627,         4.6921072,       4.022929755,     0.05574214271,     0.05316933002,     0.05484776894,     0.05356547123,    -0.04490205007,    -0.08669557767,     -0.0877947215,      0.2173247129,     -0.2193923492,      0.6691774451
         232,       -6.37340707,       -5.52681612,      -5.594446714,       3.257533366,        1.43218824,    -0.05079122626,       4.075928508,       3.100423568,       1.460393254,        3.26105275,       1.421011538,       3.690841078,       1.432100354,       2.973477786,       1.414017369,       3.079638928,       4.382235739,       4.281831932,       4.689721606,       4.025137282,     0.05573507804,     0.05314377855,      0.0548875759,     0.05355894232,    -0.04482079972,    -0.08668023568,    -0.08792332034,      0.2173253748,     -0.2194243557,      0.6645843243
         233,      -6.311480872,      -5.533326412,      -5.617577267,       3.255202944,       1.432173934,    -0.05259284539,       4.078929466,       3.112048514,       1.460055883,       3.260586437,       1.419630795,       3.655866608,       1.434013436,       2.987912248,        1.41371407,       3.070214956,       4.382186026,       4.293147073,       4.687376878,        4.02633662,     0.05572852827,     0.05311790723,     0.05492422808,     0.05355336637,    -0.04474656807,    -0.08665504785,    -0.08803104916,        0.21732403,     -0.2194326651,      0.6610402583
         234,      -6.249131502,      -5.542296535,       -5.64382926,        3.25294329,       1.432161291,    -0.05447709163,       4.080928317,       3.124684294,        1.45979513,       3.265103219,        1.41827537,       3.614505547,       1.435762276,       3.003280623,       1.413477204,         3.0612943,       4.381351127,       4.302589779,       4.685104581,       4.026451226,     0.05572343885,     0.05309252135,     0.05495772811,      0.0535490923,    -0.04467847582,    -0.08662105041,    -0.08811975824,      0.2173227806,     -0.2194192845,      0.6586533553
         235,      -6.191656931,      -5.553223376,       -5.67149164,       3.250909343,       1.432102652,    -0.05536533321,       4.081344772,        3.13822697,       1.459527092,       3.274595025,       1.416934165,       3.567543182,       1.437289928,       3.019531988,       1.413271444,        3.05333139,       4.378399708,       4.309876186,       4.683011995,       4.025979439,     0.05571831567,      0.0530673552,     0.05498694814,     0.05354539953,    -0.04461930718,    -0.08656878093,    -0.08818726876,      0.2173180185,     -0.2193753569,      0.6570325565
         236,      -6.141006189,       -5.56629956,      -5.700200584,       3.249168317,       1.432030752,    -0.05681258284,       4.080938979,       3.152594247,       1.459310322,       3.288818464,       1.415652592,       3.515778383,        1.43860556,       3.036451696,       1.413115005,        3.04610781,       4.375080074,       4.315233408,       4.681199069,       4.024126396,     0.05571413187,     0.05304331334,     0.05501211358,      0.0535426798,    -0.04456811031,    -0.08651413219,    -0.08823559367,      0.2173122386,     -0.2193178362,      0.6570726728
         237,      -6.104400428,      -5.580501742,      -5.728252439,       3.247865265,       1.431917728,    -0.05854755261,       4.079634991,       3.167712986,       1.459097122,       3.307586087,        1.41443032,       3.460098487,       1.439671118,       3.053977317,       1.412985038,       3.040016517,       4.371330374,       4.318380516,       4.679782993,       4.021087438,     0.05571005081,     0.05302035571,     0.05503247453,     0.05354046629,    -0.04452714441,    -0.08645644429,     -0.0882625812,      0.2173033473,     -0.2192461699,      0.6586955546
         238,       -6.07262664,      -5.596258278,      -5.753670159,       3.247043565,       1.431794888,    -0.06003370882,         4.0773092,       3.183447978,       1.458944264,       3.330476059,       1.413307016,       3.401429334,       1.440497982,       3.071885562,       1.412899176,       3.034857937,       4.366615195,       4.319647884,       4.678838453,       4.017275492,     0.05570711193,     0.05299927266,     0.05504828809,     0.05353913066,    -0.04449538532,    -0.08638874857,    -0.08827104081,      0.2172938033,     -0.2191551747,      0.6615629612
         239,      -6.048379958,      -5.612097329,      -5.773608001,       3.246877327,        1.43162008,    -0.06082809036,       4.073729223,       3.199729268,       1.458773596,       3.357224433,       1.412269927,       3.340759977,       1.441044197,       3.090186954,       1.412824619,       3.030933286,       4.360453486,       4.318812936,       4.678497407,       4.012901133,     0.05570395197,     0.05297976896,     0.05505870947,     0.05353799513,    -0.04447451903,    -0.08630916307,    -0.08825929839,      0.2172804255,     -0.2190429805,      0.6655962743
         240,      -6.030337989,      -5.628405411,      -5.786685161,       3.247443545,       1.431427335,    -0.06161942012,       4.069307946,       3.216494636,       1.458640569,       3.387323164,       1.411358702,        3.27907502,       1.441332162,       3.108732144,       1.412779977,       3.028064387,       4.353663199,       4.316149098,        4.67887088,       4.007688525,     0.05570150986,     0.05296263826,     0.05506420733,     0.05353745019,    -0.04446356529,    -0.08622548314,    -0.08822974467,      0.2172658056,     -0.2189187931,      0.6711823545
         241,      -6.018119468,      -5.643344618,      -5.791066121,       3.248891587,       1.431192093,    -0.06172267615,       4.063760499,       3.233707792,       1.458496781,       3.420378994,       1.410566998,       3.217352929,         1.4413414,       3.127527203,       1.412744028,       3.026449146,       4.345368252,       4.311733915,        4.68008368,       4.002037823,     0.05569892229,     0.05294772591,     0.05506436286,     0.05353705075,    -0.04446348616,    -0.08613175053,    -0.08818328422,      0.2172480618,     -0.2187785209,      0.6780458571
         242,      -6.014621152,      -5.657301066,      -5.786271002,       3.251227163,       1.430956328,    -0.06221702144,       4.057768109,       3.251245203,       1.458413118,       3.455728604,        1.40993221,       3.156550111,       1.441105093,       3.146374223,       1.412742212,       3.025949538,       4.337026927,       4.305849531,       4.682183491,       3.995551087,     0.05569746779,     0.05293578841,     0.05505985163,     0.05353731853,    -0.04447334624,    -0.08603818948,     -0.0881222837,      0.2172304264,     -0.2186338194,       0.686632404
         243,      -6.018005242,      -5.669329652,      -5.777800665,       3.254561869,        1.43068513,    -0.06343052554,       4.051583382,       3.269011523,       1.458320946,       3.492919775,       1.409434642,       3.097606303,       1.440600887,       3.165283088,       1.412747181,       3.026649519,       4.329321921,       4.298395619,       4.685246999,       3.988152857,     0.05569597084,     0.05292640198,     0.05505019999,     0.05353767813,    -0.04449338085,     -0.0859510447,    -0.08804610117,      0.2172102509,     -0.2184905267,       0.697094142
         244,       -6.02396193,      -5.678999565,       -5.76228585,       3.258901959,       1.430412694,     -0.0642656618,       4.044804014,       3.286907741,        1.45827188,       3.531292221,        1.40910243,       3.041402805,       1.439864012,       3.184107005,       1.412779648,       3.028442814,       4.321115373,       4.289554071,       4.689314653,       3.980538352,     0.05569531114,     0.05292013756,     0.05503611046,     0.05353855092,    -0.04452276332,    -0.08585926221,    -0.08795634174,      0.2171901101,     -0.2183383673,       0.708776301
         245,      -6.034309297,      -5.685539371,      -5.743573404,       3.264323224,       1.430118262,    -0.06428181689,       4.037219352,       3.304870754,       1.458219615,       3.570357194,       1.408919672,       2.988757327,       1.438891313,       3.202842865,       1.412822502,       3.031306907,       4.311755387,       4.279439439,       4.694441485,       3.972937535,     0.05569464559,      0.0529166598,     0.05501748955,     0.05353957029,    -0.04456104041,    -0.08576084925,    -0.08785423951,      0.2171683652,     -0.2181761292,      0.7215039506
         246,      -6.049188219,      -5.689680036,      -5.723352761,       3.270736585,       1.429848199,    -0.06327519715,       4.028915546,       3.322745359,       1.458239441,       3.609375583,       1.408914801,       2.940386393,        1.43773213,       3.221269396,       1.412905872,       3.035132396,       4.301140885,       4.268395147,       4.700584784,       3.965640349,     0.05569531192,     0.05291655687,     0.05499531965,     0.05354135202,    -0.04460722137,    -0.08565443646,    -0.08774274209,      0.2171485405,     -0.2180043999,      0.7349444357
         247,      -6.073687311,      -5.690990104,      -5.706021116,       3.278142244,       1.429574348,    -0.06279803203,       4.020740529,       3.340382265,       1.458272566,        3.64785257,       1.409059307,       2.896952341,       1.436382492,       3.239341614,       1.413008652,       3.039984029,       4.291331205,       4.256419979,       4.707716592,       3.957942497,     0.05569630828,      0.0529192424,     0.05496947911,     0.05354344648,    -0.04466124331,    -0.08555759039,    -0.08762205801,      0.2171284763,     -0.2178408917,      0.7497740945
         248,      -6.102925544,      -5.690713303,      -5.690595116,       3.286426192,        1.42933108,    -0.06338058258,       4.013072939,       3.357612315,       1.458369985,       3.685130974,       1.409369135,       2.858996664,       1.434888585,       3.256861475,         1.4131531,       3.045616943,        4.28310335,       4.243771249,       4.715757272,       3.949692357,     0.05569851765,     0.05292505373,     0.05494087428,     0.05354631055,    -0.04472132818,    -0.08547588566,    -0.08749448003,      0.2171107562,     -0.2176916939,      0.7660649152
         249,      -6.137800124,      -5.688571651,      -5.677564299,       3.295534223,       1.429101511,    -0.06344306336,        4.00522162,       3.374285578,       1.458490741,       3.720746522,       1.409818936,       2.826979509,       1.433262709,       3.273754273,       1.413325267,       3.052010832,       4.274642326,       4.230542781,       4.724635734,       3.941778557,     0.05570121682,     0.05293347957,     0.05490971144,     0.05354964894,    -0.04478688254,    -0.08539449255,    -0.08736105866,      0.2170940568,     -0.2175424337,      0.7828571771
         250,      -6.175495891,      -5.685631786,      -5.667726802,       3.305292811,        1.42891901,    -0.06299192335,       3.997315665,       3.390212363,       1.458684773,       3.754106089,       1.410418203,        2.80119933,        1.43155544,       3.289801225,       1.413546289,       3.058943436,       4.266113439,       4.216974676,       4.734211821,       3.934323742,     0.05570527848,     0.05294473328,     0.05487698758,     0.05355389864,    -0.04485619949,    -0.08531427017,     -0.0872239475,       0.217080898,     -0.2173944172,      0.7998880794
         251,      -6.220971701,      -5.681988341,      -5.661609101,       3.315591443,       1.428765824,    -0.06205496772,       3.989450988,       3.405215521,       1.458911884,       3.784815069,       1.411137068,       2.781892668,       1.429779553,       3.304900248,       1.413801974,       3.066549023,       4.257596764,       4.203146055,       4.744357267,        3.92739602,     0.05570999904,     0.05295821882,     0.05484291693,     0.05355876341,    -0.04492954003,    -0.08523769433,    -0.08708405551,      0.2170698982,     -0.2172512899,      0.8169612467
         252,      -6.272233766,      -5.678206386,      -5.659020183,       3.326202363,       1.428673629,    -0.06089947853,       3.981862392,       3.419077074,       1.459220551,       3.812370276,       1.411980973,       2.769118451,       1.427985387,       3.318809518,       1.414112533,       3.074469408,       4.249562262,       4.189319949,       4.754875992,       3.920962913,     0.05571624274,     0.05297407248,     0.05480849175,     0.05356466383,    -0.04500443225,    -0.08516838178,    -0.08694376596,      0.2170634708,       -0.21711658,      0.8339130788
         253,      -6.331576806,       -5.67490565,      -5.660638866,       3.336985892,       1.428618682,    -0.06023634916,       3.974961276,       3.431610536,       1.459560285,       3.836494829,       1.412913602,       2.762903396,       1.426183224,       3.331426545,       1.414459464,       3.082686118,       4.242959533,       4.175570756,       4.765604574,       3.914724927,     0.05572312806,      0.0529915719,     0.05477387687,     0.05357121773,    -0.04508033166,    -0.08511383404,    -0.08680397746,      0.2170597946,     -0.2169981432,      0.8508796476
         254,      -6.394054594,      -5.672384224,      -5.665360331,       3.347721423,       1.428624954,     -0.0596641554,       3.968638414,       3.442645008,       1.459965613,       3.856851652,       1.413934137,       2.763095538,       1.424419347,       3.342548469,       1.414857035,       3.090926112,       4.237426946,       4.162108115,       4.776346377,       3.908974259,     0.05573122759,     0.05301072962,     0.05473998571,     0.05357872681,    -0.04515531657,    -0.08507058283,    -0.08666669624,      0.2170606697,     -0.2168925956,      0.8673721181
         255,      -6.451203513,       -5.67073104,      -5.674122208,       3.358243032,       1.428677711,     -0.0586885319,        3.96267829,        3.45203025,       1.460404345,       3.873264995,       1.415011943,       2.769499733,        1.42271035,       3.352059675,       1.415292444,       3.099455596,       4.232203632,       4.149028825,       4.786920743,       3.903989758,     0.05573995687,      0.0530309463,     0.05470712042,     0.05358693049,    -0.04523045642,    -0.08503275129,    -0.08653302242,      0.2170649541,     -0.2167962301,      0.8829309851
         256,      -6.488675735,      -5.670063008,      -5.686261187,       3.368315491,       1.428795844,    -0.05753022625,       3.957252119,       3.459612989,       1.460905768,       3.885530634,       1.416141796,       2.781753628,        1.42109587,       3.359764536,        1.41577635,       3.107804706,       4.227744009,       4.136516534,       4.797111335,       3.899721893,      0.0557498143,     0.05305214747,     0.05467606596,     0.05359605636,    -0.04530281057,    -0.08500461075,      -0.086404752,      0.2170740841,     -0.2167121733,      0.8973894429
         257,      -6.502498847,      -5.670674444,      -5.702009616,       3.377759898,       1.428963274,    -0.05639787527,       3.952539435,       3.465255794,       1.461437925,       3.893592111,       1.417293161,        2.79947806,       1.419588037,       3.365549576,       1.416295085,       3.115933239,       4.224414528,       4.124671502,       4.806723171,       3.896141559,     0.05576023779,     0.05307373787,     0.05464704098,     0.05360582766,    -0.04537183098,    -0.08498859364,    -0.08628301137,      0.2170868443,      -0.216643436,       0.910581612
         258,      -6.488130086,      -5.672829623,      -5.721042328,       3.386348523,       1.429193285,    -0.05494873427,       3.948415494,       3.468831433,       1.462021816,       3.897387635,       1.418458855,       2.822144853,       1.418218862,       3.369246589,       1.416855299,       3.123608629,       4.221899574,       4.113611899,       4.815541808,       3.893466759,     0.05577159893,     0.05309560282,     0.05462068247,     0.05361639078,    -0.04543595848,     -0.0849814673,    -0.08616901807,       0.217104275,     -0.2165864439,      0.9220750483
         259,      -6.453660868,      -5.676465746,      -5.743562087,       3.393934661,       1.429463776,    -0.05392191188,       3.945225219,       3.470255112,       1.462616243,       3.897004807,        1.41960702,        2.84925665,         1.4169921,        3.37078933,       1.417438754,       3.131311157,       4.220656998,       4.103512866,       4.823398437,       3.891303307,     0.05578316403,     0.05311712008,     0.05459704569,     0.05362737828,    -0.04549760313,    -0.08498720216,    -0.08606459774,      0.2171247081,      -0.216549403,      0.9320951298
         260,      -6.405744559,      -5.681758723,      -5.768712861,       3.400347202,       1.429783222,    -0.05277554381,       3.942740567,       3.469489738,       1.463235506,       3.892532674,       1.420730606,       2.880195956,       1.415931732,       3.370078776,       1.418047919,       3.138464214,       4.220444747,       4.094326747,       4.830130424,       3.889965024,     0.05579514606,     0.05313817679,     0.05457661221,      0.0536388548,    -0.04555345623,    -0.08500331839,    -0.08596951831,      0.2171487899,     -0.2165262929,      0.9401654002
         261,      -6.349646191,      -5.688697066,      -5.795184005,       3.405466955,       1.430136598,    -0.05109839624,       3.940746952,       3.466523528,       1.463854818,       3.884155636,       1.421806103,       2.914364873,       1.415040828,       3.367081056,       1.418668606,         3.1448744,       4.220509933,        4.08637008,       4.835603552,       3.889648556,     0.05580708825,     0.05315832085,     0.05455943463,     0.05365053998,    -0.04560234548,     -0.0850239067,    -0.08588686261,      0.2171753837,     -0.2165131148,      0.9459549961
         262,      -6.309177456,      -5.697177866,       -5.82333942,       3.409150988,        1.43053046,    -0.04955406757,       3.939590499,       3.461360724,       1.464489492,       3.872064667,       1.422827698,       2.951066092,       1.414335224,       3.361738709,       1.419301532,       3.150477556,       4.221917476,       4.079475163,       4.839681448,       3.890036431,      0.0558192579,     0.05317746179,     0.05454583605,     0.05366246301,    -0.04564384261,    -0.08505707921,    -0.08581525989,      0.2172050187,     -0.2165161817,      0.9496450167
         263,      -6.274168964,      -5.707829361,       -5.85159582,       3.411335076,       1.430941659,    -0.04895834205,       3.939634049,        3.45403721,       1.465102548,       3.856555276,       1.423769994,       2.989685911,       1.413805737,       3.354087164,       1.419926674,        3.15607622,       4.224842899,       4.073992311,       4.842276736,       3.890675707,     0.05583099869,     0.05319510439,     0.05453562411,     0.05367422529,    -0.04568228406,    -0.08510397515,    -0.08575806405,      0.2172359525,     -0.2165443233,      0.9516010285
         264,      -6.242983227,      -5.719948429,        -5.8774253,       3.411947356,       1.431374196,    -0.04828859083,       3.940391262,       3.444634611,        1.46570579,       3.837925728,       1.424629796,        3.02953529,       1.413461249,       3.344152551,       1.420542479,       3.160952253,        4.22869837,       4.069652148,       4.843321552,       3.892102671,     0.05584249973,     0.05321120728,     0.05452898638,     0.05368581252,    -0.04571376536,    -0.08515835831,    -0.08571295062,      0.2172685059,     -0.2165850743,      0.9512188808
         265,      -6.212688492,      -5.733736033,      -5.896705119,       3.410991339,       1.431805587,    -0.04708122711,       3.941584313,       3.433267907,        1.46626529,       3.816554008,       1.425385953,       3.070025602,       1.413287795,       3.332047022,       1.421128961,       3.164583743,       4.232667766,       4.066838313,       4.842796926,       3.894503086,     0.05585314225,     0.05322535806,     0.05452563971,     0.05369682972,    -0.04573550799,    -0.08521373352,     -0.0856835557,      0.2173009697,     -0.2166327972,      0.9482938398
         266,      -6.188102146,      -5.749005349,      -5.908302436,       3.408457025,       1.432241754,    -0.04543515572,       3.943220775,       3.420087966,       1.466798819,       3.792808417,       1.426039633,       3.110497213,       1.413290315,       3.317869295,       1.421685598,       3.167224058,       4.236999161,       4.065203234,       4.840698779,        3.89778562,     0.05586322013,     0.05323760019,     0.05452569694,     0.05370728487,    -0.04574897638,    -0.08527247024,     -0.0856667991,      0.2173338021,     -0.2166882457,      0.9429131599
         267,      -6.172652637,      -5.765105511,      -5.913258007,       3.404401694,       1.432661051,    -0.04417702028,       3.945626266,       3.405256918,       1.467276103,       3.767121362,       1.426573256,       3.150404264,       1.413450125,       3.301797654,       1.422192999,       3.170054562,       4.241588053,        4.06510394,       4.837062745,       3.901449246,     0.05587219696,      0.0532475888,     0.05452878297,     0.05371679486,     -0.0457607035,    -0.08533376034,    -0.08566600057,      0.2173653636,     -0.2167604644,      0.9356134996
         268,      -6.166669572,      -5.782327461,      -5.911568204,       3.398875924,       1.433067809,    -0.04375598865,       3.949016669,       3.388967941,       1.467712815,       3.739915011,       1.426990158,       3.189155399,       1.413766253,       3.284006009,       1.422650028,       3.172109588,       4.247751736,       4.066217396,       4.831943733,        3.90526068,     0.05588034863,     0.05325540473,     0.05453489294,     0.05372535381,    -0.04576558793,    -0.08540697954,    -0.08567821854,      0.2173960001,      -0.216850786,      0.9266830527
         269,      -6.163610523,      -5.800128488,      -5.901005938,       3.391999275,       1.433439533,    -0.04385481147,       3.953182817,       3.371427045,       1.468076665,       3.711662255,       1.427275969,       3.226293937,       1.414215049,       3.264746635,       1.423037626,       3.172848006,       4.254933615,       4.068844088,       4.825438808,       3.909328005,     0.05588710933,     0.05326076102,      0.0545435536,     0.05373258411,    -0.04576081841,    -0.08548735071,    -0.08570615897,      0.2174240081,     -0.2169543281,      0.9161108026
         270,      -6.162429225,      -5.817224503,      -5.885697151,       3.383886841,       1.433780945,    -0.04351637699,       3.957610267,       3.352878272,       1.468383203,       3.682813179,        1.42743796,       3.261334288,       1.414792027,       3.244266551,       1.423355846,       3.172617053,       4.262069374,       4.072615975,       4.817667786,        3.91409389,     0.05589274665,     0.05326381119,     0.05455469151,     0.05373850238,    -0.04574847439,    -0.08556458406,    -0.08574639802,      0.2174497517,     -0.2170594565,      0.9035738951
         271,      -6.165680058,       -5.83304965,      -5.867040334,       3.374723605,        1.43406875,    -0.04296555868,       3.962275112,       3.333581842,       1.468597763,       3.653852881,       1.427464779,       3.293946944,       1.415469241,       3.222886438,       1.423586104,       3.172471555,       4.268299442,       4.077839679,       4.808792355,       3.919309554,     0.05589662861,      0.0532643217,     0.05456774837,     0.05374273813,    -0.04573453341,    -0.08563262441,    -0.08580165203,      0.2174714368,     -0.2171688098,      0.8894828017
         272,      -6.174100457,      -5.847044267,      -5.847619464,       3.364659756,       1.434318151,    -0.04260037571,       3.967323179,       3.313821813,       1.468754278,       3.625210779,       1.427373541,         3.3237335,       1.416247054,       3.200888578,       1.423736824,       3.171660544,       4.274818389,       4.084024771,       4.798977908,       3.924722804,     0.05589934773,     0.05326264059,     0.05458275349,     0.05374547597,    -0.04571514778,    -0.08570208755,    -0.08586732551,      0.2174902178,     -0.2172845608,      0.8742551039
         273,      -6.187329802,      -5.857824564,      -5.828677978,       3.353906812,       1.434505572,    -0.04244689215,       3.972714999,       3.293860138,       1.468817079,       3.597347775,       1.427154399,       3.350466474,       1.417094194,       3.178623381,       1.423791081,       3.169718075,       4.281500006,       4.091422428,       4.788412384,       3.930268107,     0.05590028966,     0.05325855727,     0.05459908095,     0.05374637281,    -0.04568799701,    -0.08577147868,     -0.0859455437,      0.2175043007,     -0.2174050194,      0.8581442772
         274,      -6.203193247,      -5.865482826,      -5.811780674,       3.342650151,       1.434644125,     -0.0424800375,       3.978377415,       3.273986753,       1.468813958,       3.570665659,       1.426825547,       3.373880319,        1.41800742,        3.15640634,       1.423757807,       3.166992769,       4.288375405,       4.099655581,       4.777294276,       3.935897378,     0.05589994547,     0.05325243358,     0.05461668561,     0.05374561802,    -0.04565519435,    -0.08583939524,     -0.0860326643,      0.2175146827,     -0.2175272539,      0.8413968983
         275,      -6.226845373,      -5.869029125,      -5.797348046,        3.33112506,       1.434714296,    -0.04298774411,       3.984320429,       3.254475166,       1.468713694,       3.545579846,       1.426382497,       3.393863482,        1.41895717,       3.134604085,       1.423624832,       3.164367263,       4.294893157,       4.108886039,       4.765839357,       3.941332685,      0.0558977726,     0.05324416117,     0.05463497763,     0.05374296105,    -0.04562179491,    -0.08590229097,    -0.08612992332,      0.2175198725,     -0.2176540092,      0.8245066713
         276,      -6.254118758,      -5.869613846,      -5.786608229,       3.319528456,       1.434732911,    -0.04311702237,       3.990101831,       3.235614641,       1.468548807,       3.522428299,        1.42584746,       3.410265597,       1.419941807,       3.113530811,       1.423405584,       3.161248601,       4.300644733,       4.118709171,       4.754261367,       3.946984808,     0.05589434822,     0.05323417837,     0.05465394491,     0.05373867792,    -0.04558484975,    -0.08595560356,    -0.08623339232,      0.2175211494,     -0.2177738456,      0.8072765589
         277,      -6.277915366,      -5.866367485,      -5.777437229,       3.308104186,       1.434680534,    -0.04273673499,       3.995534623,       3.217672044,         1.4682861,       3.501560536,       1.425217271,       3.423092196,        1.42093083,       3.093545662,       1.423089986,       3.157301314,       4.305182471,       4.129261146,       4.742784719,       3.952797888,     0.05588908798,     0.05322239787,     0.05467297744,     0.05373255524,    -0.04554278656,    -0.08599764849,    -0.08634408192,      0.2175170185,      -0.217884517,      0.7899868318
         278,      -6.311240277,      -5.860576221,      -5.772587286,       3.297029091,        1.43458348,    -0.04247115577,       4.000868214,       3.200912875,       1.467973384,       3.483217271,       1.424521277,       3.432278988,        1.42192966,        3.07491981,        1.42269975,       3.152809888,       4.309412292,       4.140109911,       4.731612572,       3.958397059,     0.05588284981,     0.05320940044,     0.05469220686,     0.05372503378,    -0.04549735503,    -0.08603596403,    -0.08645774876,      0.2175094909,     -0.2179910678,      0.7732155129
         279,      -6.356971632,      -5.853955814,      -5.771999694,       3.286530439,       1.434419147,    -0.04318231031,       4.006464857,       3.185559533,       1.467570069,       3.467665679,       1.423754229,       3.437930807,       1.422904979,       3.057975827,       1.422224737,       3.148502775,       4.313834702,       4.151314783,       4.720949587,       3.963282547,     0.05587494087,     0.05319505156,     0.05471096318,     0.05371589232,    -0.04545279436,     -0.0860736029,     -0.0865747354,      0.2174968479,     -0.2181011327,      0.7576670401
         280,       -6.41604924,      -5.847126295,      -5.774586593,       3.276766996,       1.434214881,    -0.04485541826,       4.012229329,       3.171842445,       1.467123161,       3.455051402,       1.422946984,       3.440090074,       1.423863441,       3.042936772,       1.421689079,        3.14390942,       4.318736537,       4.162569367,       4.710981877,       3.967373911,     0.05586619233,     0.05317995966,     0.05472940099,     0.05370561736,     -0.0454067891,    -0.08611331188,    -0.08669193165,      0.2174811703,     -0.2182120326,      0.7436079662
         281,      -6.460213792,      -5.839954772,      -5.780444586,       3.267941717,       1.433951022,    -0.04544182969,       4.017154557,       3.159954727,       1.466595283,       3.445545809,       1.422096567,       3.438944652,       1.424774792,       3.030069626,       1.421085998,       3.138854601,       4.321789749,       4.173808967,       4.701892739,       3.971712727,     0.05585594934,      0.0531640343,     0.05474691154,     0.05369405309,    -0.04535863536,    -0.08613430659,    -0.08680857731,      0.2174609483,     -0.2183015193,      0.7301800119
         282,      -6.511505873,      -5.834306636,      -5.789923178,       3.260158301,       1.433663434,    -0.04592513203,       4.021618674,       3.150067742,       1.466048327,       3.439167155,       1.421238547,       3.434595759,       1.425653121,       3.019503752,       1.420446449,       3.133508654,        4.32407328,       4.184799902,       4.693821735,       3.975693542,     0.05584531812,     0.05314798143,     0.05476379957,     0.05368182296,    -0.04530943142,     -0.0861474433,    -0.08692218546,      0.2174389221,     -0.2183790602,      0.7181281934
         283,      -6.566276152,      -5.830293844,       -5.80215533,        3.25357711,       1.433327529,    -0.04637874051,       4.025617508,       3.142303393,       1.465435533,       3.435993184,       1.420365044,       3.427297417,       1.426465336,       3.011433228,       1.419761384,        3.12846684,       4.325385969,       4.195460588,       4.686904639,       3.979238767,     0.05583349462,     0.05313160987,     0.05477939438,     0.05366872055,    -0.04526268249,    -0.08615209432,    -0.08703189442,      0.2174132194,     -0.2184466712,      0.7076658719
         284,      -6.611762538,      -5.828502858,      -5.818822523,       3.248257729,       1.432979869,    -0.04776901914,       4.029567557,       3.136772542,       1.464818468,       3.435938157,       1.419511499,       3.417220236,       1.427227665,       3.005903257,       1.419063039,       3.123344276,       4.327123593,       4.205603662,       4.681237598,       3.981798538,     0.05582156064,     0.05311562386,     0.05479404149,     0.05365539282,    -0.04521648192,    -0.08615922294,    -0.08713571421,      0.2173866188,     -0.2185114191,      0.6994390607
         285,        -6.6075741,      -5.828595046,       -5.83781871,       3.244295686,        1.43260357,    -0.04853764995,       4.032737249,       3.133526042,       1.464164331,       3.438966011,       1.418673439,       3.404643706,       1.427914787,       3.003004749,       1.418347776,       3.118123383,       4.327619118,       4.215109386,       4.676899256,       3.984199599,     0.05580896794,     0.05309990544,     0.05480722773,     0.05364174431,    -0.04517090392,    -0.08615366844,    -0.08723251621,      0.2173578454,     -0.2185570886,      0.6926996566
         286,      -6.584375921,      -5.831323255,      -5.859511782,       3.241673715,       1.432234973,    -0.04944902524,       4.035430788,       3.132562389,       1.463535524,       3.444875345,       1.417883349,       3.389771393,       1.428544379,       3.002667501,       1.417647576,       3.112848743,       4.327754129,       4.223827285,       4.673908688,       3.985981763,     0.05579685695,     0.05308510283,     0.05481932496,     0.05362841778,    -0.04512629589,    -0.08614367104,    -0.08732065026,      0.2173297025,     -0.2185906172,      0.6879269254
         287,      -6.560952506,      -5.836769996,      -5.884238399,       3.240458662,       1.431844624,    -0.05040258158,       4.037565547,       3.133862706,       1.462875624,       3.453582478,        1.41712657,       3.372938342,         1.4290839,       3.004926063,       1.416950118,       3.108008383,       4.327243113,       4.231620029,       4.672303286,       3.987162965,     0.05578424576,     0.05307089135,     0.05482966784,     0.05361513747,    -0.04508552803,    -0.08612827459,    -0.08739889098,      0.2172999424,     -0.2186126936,      0.6851403211
         288,      -6.516818318,      -5.845424354,       -5.91072401,       3.240597937,       1.431473085,    -0.05164623114,       4.039250009,       3.137393019,       1.462253512,        3.46481459,       1.416437634,        3.35438228,       1.429557464,       3.009633456,       1.416289207,       3.103266784,       4.326604037,       4.238397427,       4.672071022,       3.987603778,      0.0557723233,     0.05305796611,     0.05483875797,     0.05360258654,    -0.04504689361,    -0.08611144428,    -0.08746619227,      0.2172716339,     -0.2186245302,      0.6844672447
         289,      -6.470339771,      -5.856396729,      -5.937266772,       3.242085155,       1.431102503,    -0.05275713602,       4.040305416,       3.143067842,       1.461636044,       3.478389015,       1.415806461,       3.334419395,       1.429943736,        3.01671142,        1.41565919,        3.09873117,       4.325303741,       4.244209018,       4.673187659,        3.98754828,     0.05576052383,     0.05304610384,     0.05484615841,     0.05359062851,    -0.04501108357,    -0.08608829593,     -0.0875230105,      0.2172434146,       -0.21862239,      0.6856393784
         290,      -6.429595526,      -5.870083716,      -5.961296717,       3.244783973,       1.430771111,    -0.05358426041,       4.040678913,       3.150725596,       1.461090761,       3.493944076,       1.415262103,       3.313282215,       1.430266333,        3.02589673,       1.415091716,       3.094328423,       4.323487675,       4.248817869,       4.675555084,       3.987094652,     0.05575007601,     0.05303589305,      0.0548523572,     0.05357990205,    -0.04497772595,    -0.08606019129,    -0.08756706137,      0.2172182283,     -0.2186049786,      0.6884604313
         291,      -6.395302379,       -5.88640339,      -5.985215976,       3.248652858,       1.430448817,    -0.05422777077,       4.040406902,       3.160192838,       1.460561993,       3.511275975,       1.414784326,       3.291304775,       1.430497289,       3.037059498,       1.414571878,       3.090473678,       4.321086925,       4.252198607,       4.679101674,       3.986179132,     0.05574002962,     0.05302690505,     0.05485677726,     0.05357008215,    -0.04494918114,    -0.08602722402,    -0.08759831939,      0.2171937941,     -0.2185747246,      0.6929225426
         292,      -6.363791622,      -5.904880215,      -6.003874985,       3.253544281,       1.430169417,     -0.0550771909,        4.03969785,       3.171280609,        1.46010746,       3.530015188,       1.414398903,       3.268737179,       1.430660578,       3.049906147,       1.414126496,       3.086851891,       4.318769786,       4.254344343,       4.683713697,       3.984620659,     0.05573138447,     0.05301966487,     0.05485991161,     0.05356171432,    -0.04492377038,     -0.0859951374,    -0.08761663495,      0.2171726753,     -0.2185355427,      0.6990930387
         293,      -6.332677518,      -5.924620306,      -6.014157051,       3.259380789,       1.429911823,    -0.05536414705,       4.038187651,       3.183793063,       1.459688829,       3.549917882,       1.414090031,       3.245887813,       1.430738174,       3.064248297,       1.413744407,       3.083650196,       4.315569419,        4.25523725,       4.689292612,       3.982823504,     0.05572346476,     0.05301384163,     0.05486138669,      0.0535545564,     -0.0449025349,    -0.08595673507,    -0.08762200144,      0.2171532495,     -0.2184812714,      0.7064691077
         294,      -6.312496177,      -5.945270415,      -6.017697453,       3.265948963,       1.429713606,    -0.05573000203,       4.036250328,       3.197456518,       1.459373937,       3.570555929,       1.413882995,       3.222970582,       1.430758134,       3.079706983,       1.413453337,       3.080700839,       4.312451102,       4.254915782,       4.695662568,       3.980520325,     0.05571749346,     0.05300995681,     0.05486177837,     0.05354917532,    -0.04488449393,    -0.08591962208,    -0.08761461242,       0.217138404,     -0.2184187284,      0.7151422429
         295,      -6.304863062,      -5.967107759,      -6.016128789,        3.27315262,       1.429540483,    -0.05648600445,        4.03408409,       3.212011156,       1.459101688,       3.591697515,       1.413751047,       3.200288451,       1.430694306,       3.096076733,       1.413231472,       3.078377074,       4.309550196,       4.253565407,       4.702693103,       3.977598085,     0.05571241928,     0.05300745783,     0.05486054329,      0.0535451121,     -0.0448716819,    -0.08588506995,    -0.08759631885,      0.2171255325,     -0.2183530707,      0.7250950177
         296,      -6.292606774,      -5.988019785,      -6.007375157,       3.280801245,       1.429421428,    -0.05743549131,       4.031654001,       3.227194995,       1.458922635,       3.612962026,       1.413713914,        3.17805943,       1.430571647,       3.113006821,       1.413098399,       3.076356742,       4.307188315,       4.250930166,       4.710222673,        3.97421851,     0.05570910385,     0.05300675444,     0.05485819148,     0.05354277256,    -0.04486229579,    -0.08585474188,    -0.08756492462,      0.2171168223,     -0.2182819623,      0.7360041633
         297,      -6.286806082,      -6.005004801,      -5.994001426,       3.288790916,       1.429332203,    -0.05777530722,       4.028575637,       3.242768662,       1.458794109,       3.634115453,       1.413751001,       3.156549775,       1.430374852,       3.130279131,       1.413036474,       3.074856567,       4.304093003,       4.247223623,       4.718123119,        3.97080033,     0.05570678098,     0.05300742642,     0.05485440235,     0.05354178923,    -0.04485745441,    -0.08581947307,    -0.08752266582,       0.217110399,     -0.2181995933,      0.7473227888
         298,      -6.274640655,      -6.020364476,      -5.976484967,       3.296898416,       1.429304696,    -0.05723029317,       4.024775223,       3.258435188,       1.458774827,       3.654764187,       1.413881483,       3.135927958,       1.430132115,       3.147511148,       1.413065678,        3.07364312,       4.300136646,       4.242490933,       4.726203112,        3.96754493,     0.05570649633,     0.05300987753,     0.05484975227,     0.05354257708,    -0.04485575269,    -0.08577877765,    -0.08746994024,      0.2171087032,     -0.2181044706,      0.7586581818
         299,      -6.286392267,      -6.029420715,      -5.959782831,       3.305024282,       1.429303689,    -0.05667026279,       4.020737624,       3.273933695,       1.458803233,       3.674715359,       1.414075742,       3.116440951,       1.429821234,       3.164505335,       1.413159506,       3.073084839,       4.296343311,       4.236737861,       4.734327971,       3.964067361,     0.05570717729,     0.05301350494,     0.05484377668,     0.05354458614,    -0.04485911333,    -0.08574174093,     -0.0874070903,       0.217109045,     -0.2180079446,      0.7702606099
         300,      -6.300745156,      -6.037095123,      -5.948668036,       3.312979689,       1.429355152,    -0.05724114588,        4.01711744,       3.289003484,       1.458925526,       3.693641999,        1.41434927,       3.098242206,       1.429468466,       3.180931539,        1.41333262,       3.072827351,       4.294283153,       4.230173322,       4.742334841,       3.959876294,     0.05570961723,     0.05301863871,     0.05483701093,     0.05354812339,     -0.0448654671,    -0.08571973553,    -0.08733597991,      0.2171133902,     -0.2179211825,      0.7824585471
         301,      -6.329171201,       -6.03916219,       -5.93828774,       3.320680938,       1.429429552,    -0.05841147276,       4.013677369,        3.30342778,       1.459089807,       3.711384389,       1.414676065,       3.081541482,       1.429058217,       3.196617643,       1.413561094,       3.073084032,       4.293018619,       4.223040234,        4.75011049,       3.955265897,     0.05571289292,     0.05302475419,     0.05482912627,     0.05355269367,     -0.0448758474,    -0.08570561177,    -0.08725907748,       0.217119467,     -0.2178405366,      0.7948445935
         302,      -6.352865375,      -6.036873872,      -5.929892582,       3.327952036,       1.429552293,    -0.05899138601,       4.009940775,       3.316973606,       1.459342408,       3.727656743,       1.415070045,       3.066447471,       1.428617261,       3.211263885,       1.413858146,       3.073584244,       4.291475547,       4.215355383,        4.75750433,       3.950949389,     0.05571781519,     0.05303215196,     0.05482066863,     0.05355857826,      -0.044888605,    -0.08568881779,     -0.0871766465,       0.217129214,     -0.2177540693,      0.8065549407
         303,      -6.381904525,      -6.032009928,      -5.922588098,       3.334749013,       1.429686432,    -0.05866077803,       4.005748099,       3.329474783,       1.459617787,       3.742371011,       1.415499657,       3.053148256,       1.428125697,       3.224760129,       1.414193973,       3.074705279,       4.289066976,       4.207129542,       4.764435445,       3.947087321,     0.05572320942,     0.05304019493,     0.05481121895,     0.05356516176,    -0.04490568136,    -0.08566659655,    -0.08708919769,      0.2171397851,     -0.2176614756,      0.8173481244
         304,      -6.416723425,      -6.023987951,      -5.916905265,       3.340931676,       1.429860006,    -0.05797499034,       4.001475718,       3.340769835,       1.459965722,       3.755303002,       1.415980816,       3.041712238,       1.427613647,       3.236859813,       1.414583487,       3.076053045,       4.286766846,       4.198491966,       4.770791683,       3.943500728,     0.05572992222,     0.05304922584,     0.05480139162,     0.05357276029,    -0.04492473713,    -0.08564710713,     -0.0869979546,         0.2171533,     -0.2175697989,      0.8272909545
         305,       -6.46608433,       -6.01566282,      -5.916946913,       3.346459332,       1.430043005,    -0.05767955255,        3.99753625,       3.350724758,        1.46033372,       3.766389358,       1.416486071,       3.032269565,       1.427066986,       3.247469775,       1.415001386,       3.077817729,       4.285380131,       4.189566765,       4.776502337,       3.939856698,      0.0557370373,     0.05305869369,     0.05479088638,     0.05358085527,    -0.04494663107,     -0.0856365964,    -0.08690430711,      0.2171674726,     -0.2174875346,      0.8366456389
         306,      -6.530154446,      -6.006927261,      -5.917795651,       3.351233527,       1.430252857,    -0.05769573746,       3.993940799,       3.359223154,       1.460752499,       3.775487639,       1.417023595,        3.02485728,       1.426508177,       3.256418718,       1.415455023,       3.079718265,       4.284780251,       4.180630996,       4.781486384,       3.936245062,     0.05574508535,     0.05306878163,     0.05478015881,     0.05358961046,    -0.04496965279,    -0.08563330929,    -0.08681079926,      0.2171836363,     -0.2174137613,      0.8452413221
         307,       -6.58744368,      -5.999469479,      -5.922103094,       3.355255565,       1.430460753,    -0.05729343279,       3.990353553,       3.366201888,       1.461170227,       3.782599153,       1.417567816,       3.019572075,       1.425925216,       3.263681771,       1.415919322,       3.082149953,       4.283751902,       4.171887795,       4.785716318,       3.933060121,     0.05575314014,      0.0530789773,     0.05476895154,     0.05359851836,    -0.04499580358,    -0.08562688439,    -0.08671953159,      0.2171995873,     -0.2173422196,      0.8526561975
         308,      -6.619373999,       -5.99287685,      -5.927753972,       3.358473412,       1.430683962,    -0.05677433358,        3.98694034,       3.371626084,       1.461616961,       3.787651033,       1.418127163,       3.016409151,       1.425341238,       3.269166075,       1.416400807,       3.084686719,       4.282787719,       4.163441765,       4.789157373,       3.930166007,     0.05576170238,     0.05308946886,     0.05475773386,     0.05360773052,    -0.04502259082,    -0.08562252827,    -0.08663156696,      0.2172166356,     -0.2172766861,      0.8589913669
         309,      -6.653566777,      -5.987474396,      -5.936150706,       3.360911115,       1.430899309,    -0.05553336186,       3.983461121,       3.375491229,       1.462051655,       3.790683925,       1.418680055,       3.015409364,       1.424748423,       3.272896922,       1.416877798,       3.087462994,       4.281426451,       4.155097841,       4.791810424,       3.927927759,     0.05577003806,     0.05309982592,     0.05474633452,     0.05361681364,    -0.04505057364,    -0.08561683605,    -0.08654547157,      0.2172330121,     -0.2172128813,      0.8638826645
         310,      -6.715057225,       -5.98460723,      -5.948478777,       3.362531899,       1.431125216,    -0.05466502561,        3.98051304,       3.377794966,       1.462507313,       3.791667524,       1.419235591,       3.016504944,       1.424170045,       3.274831967,       1.417357629,        3.09022888,       4.280935381,       4.147178958,       4.793657116,       3.925848014,     0.05577873356,     0.05311024905,     0.05473522559,     0.05362593713,    -0.04507820883,    -0.08561875195,    -0.08646416452,      0.2172501453,     -0.2171611253,      0.8678091014
         311,      -6.774986441,      -5.985133368,      -5.965284939,       3.363388192,       1.431334035,      -0.054425473,       3.978219541,       3.378565225,       1.462934271,       3.790697636,       1.419769746,       3.019698107,       1.423594503,       3.275062456,       1.417815851,       3.093409959,       4.281346986,       4.139759324,       4.794722228,       3.923794068,     0.05578692217,     0.05312025547,     0.05472415717,      0.0536346113,    -0.04510767297,    -0.08562907358,    -0.08638849684,      0.2172659461,     -0.2171252434,      0.8709281594
         312,      -6.764335874,      -5.987363698,      -5.984058838,       3.363493638,       1.431540148,    -0.05408096409,       3.976261993,       3.377869407,       1.463356554,       3.787815476,        1.42029018,        3.02489318,       1.423042287,       3.273634857,       1.418257181,       3.096556931,       4.281834366,       4.133091684,       4.795033785,       3.922181029,     0.05579500415,     0.05313001379,      0.0547135437,     0.05364295241,     -0.0451363772,    -0.08563942529,    -0.08632075375,       0.217281514,     -0.2170965562,      0.8728527561
         313,       -6.69336955,      -5.991945195,      -6.002828886,       3.362936017,       1.431720941,    -0.05322410742,       3.974391859,       3.375810884,       1.463732851,       3.783158841,       1.420777315,       3.032052877,       1.422505311,        3.27070299,       1.418660937,       3.099702484,       4.281881131,       4.127059549,       4.794656959,       3.921167752,     0.05580222214,     0.05313913131,     0.05470320851,     0.05365054855,    -0.04516438417,    -0.08564745827,    -0.08626011384,      0.2172951105,     -0.2170719563,       0.873489207
         314,      -6.642959967,      -5.998612309,      -6.022666793,       3.361732055,       1.431899343,    -0.05204417861,       3.972753451,        3.37249529,       1.464104002,       3.776786045,       1.421244339,       3.041009311,       1.422008731,       3.266341564,       1.419038656,       3.102670474,       4.281813245,       4.121776219,       4.793631398,       3.920709273,     0.05580928516,     0.05314788934,     0.05469366405,     0.05365765309,    -0.04519059931,    -0.08565551903,    -0.08620759354,      0.2173084916,     -0.2170537119,      0.8729221256
         315,      -6.621030793,      -6.008248147,      -6.048200756,       3.359965781,       1.432052016,    -0.05145602834,       3.971819638,       3.368022977,       1.464428601,       3.768855772,       1.421670609,       3.051670005,       1.421541543,       3.260726466,       1.419370857,       3.105959292,       4.282553966,       4.117258445,       4.792017797,       3.920363609,     0.05581548054,      0.0531558716,     0.05468467414,     0.05366387325,    -0.04521763958,    -0.08567012711,    -0.08616346537,      0.2173198995,     -0.2170512321,      0.8716541879
         316,      -6.601037338,      -6.020136943,      -6.072086001,       3.357680299,       1.432194008,    -0.05162026169,       3.971643987,       3.362519114,        1.46473206,       3.759478958,       1.422064678,       3.063847427,       1.421121703,       3.253985181,       1.419665254,       3.109083117,        4.28423611,       4.113730219,       4.789874307,       3.920023725,     0.05582124908,      0.0531632612,     0.05467660291,     0.05366937907,    -0.04524275876,    -0.08569248664,    -0.08612964658,      0.2173304923,      -0.217064892,      0.8698505819
         317,      -6.554409748,      -6.034022218,      -6.095182115,       3.354976036,       1.432306471,    -0.05096253866,       3.971482617,       3.356121259,       1.464979425,       3.748841906,       1.422410356,       3.077418826,       1.420740695,       3.246323046,       1.419906896,       3.111921826,       4.285278071,          4.111003,       4.787282507,       3.920520078,     0.05582596946,     0.05316973125,     0.05466926721,      0.0536738681,    -0.04526522938,    -0.08570832551,    -0.08610450436,       0.217338836,     -0.2170780592,       0.866762429
         318,      -6.514865576,      -6.049676688,      -6.115006831,       3.351906216,       1.432406216,    -0.04999311799,        3.97151244,       3.348982909,       1.465199487,       3.737079267,       1.422717546,       3.092163517,       1.420416139,       3.237887701,       1.420106122,       3.114420717,       4.286075005,       4.109139792,       4.784312432,       3.921519322,     0.05583013502,     0.05317549129,     0.05466302629,     0.05367756014,    -0.04528471056,    -0.08572226463,     -0.0860885211,      0.2173462127,     -0.2170954963,      0.8627931095
         319,      -6.484679817,      -6.066419817,      -6.131093188,        3.34856711,       1.432477859,    -0.04907214542,       3.971898832,       3.341250914,       1.465364235,       3.724387077,       1.422972508,       3.107921923,       1.420139973,       3.228884245,       1.420251836,       3.117230895,       4.286651416,       4.108222736,       4.781044969,       3.922826686,     0.05583325194,     0.05318026344,     0.05465770797,     0.05368022767,    -0.04530471939,    -0.08573526169,    -0.08608245177,       0.217351451,     -0.2171224328,      0.8582182827
         320,      -6.472896615,       -6.08302027,      -6.145628162,       3.344992925,       1.432541712,    -0.04888106005,        3.97297409,       3.333061996,       1.465509506,       3.710903349,       1.423187562,       3.124425699,       1.419930307,       3.219444609,       1.420358241,       3.119771708,       4.288050086,       4.108298615,       4.777534637,        3.92409303,     0.05583597082,       0.053184305,     0.05465368316,     0.05368216499,    -0.04532202855,    -0.08575468716,    -0.08608653243,       0.217356124,     -0.2171632481,      0.8534416069
         321,       -6.45928003,      -6.102341401,       -6.15463106,        3.34128101,       1.432575634,    -0.04853285599,       3.974326157,       3.324546344,       1.465594615,       3.696846648,       1.423344968,       3.141509579,        1.41977213,        3.20977774,        1.42041115,       3.121750851,       4.289626339,       4.109135189,       4.773856644,       3.925793301,     0.05583759124,     0.05318725302,     0.05465063718,     0.05368307673,     -0.0453350332,    -0.08577430922,    -0.08609864095,      0.2173585582,     -0.2172079834,      0.8480633433
         322,      -6.445913164,      -6.120028699,      -6.155907135,       3.337484525,       1.432596839,    -0.04816808703,       3.975939731,       3.315862176,       1.465648131,       3.682381158,       1.423456673,       3.158918738,       1.419680227,       3.200029156,       1.420423579,       3.123259007,       4.291309936,       4.110723202,       4.770081364,       3.927771644,     0.05583859543,     0.05318935407,     0.05464887366,     0.05368323118,    -0.04534425558,    -0.08579383013,    -0.08611853374,      0.2173600543,     -0.2172566194,      0.8423097202
         323,      -6.435575061,      -6.136528719,      -6.152995551,          3.333696,       1.432591349,    -0.04777018019,       3.977745724,       3.307160796,       1.465644129,       3.667718526,       1.423511629,        3.17647173,       1.419644257,       3.190388868,       1.420387563,       3.125132246,       4.292403016,       4.113204621,       4.766287349,       3.929975544,     0.05583851129,     0.05319038087,     0.05464817683,     0.05368245956,    -0.04535430183,    -0.08580844276,    -0.08614743716,      0.2173595286,     -0.2173101817,      0.8363118054
         324,      -6.431990533,      -6.149805189,      -6.147143415,       3.329935198,       1.432582944,    -0.04730536309,       3.979717732,       3.298574789,       1.465625223,       3.652999293,       1.423525874,       3.193875359,       1.419681426,       3.180956106,       1.420321418,       3.126634383,       4.293326802,       4.116431243,       4.762518142,       3.932412369,     0.05583809832,     0.05319066293,     0.05464890253,     0.05368113567,    -0.04536117325,    -0.08582141454,    -0.08618378282,      0.2173587994,     -0.2173663706,      0.8301057734
         325,      -6.439252459,      -6.161688861,      -6.138698582,       3.326273754,       1.432552093,    -0.04714697623,       3.982050844,       3.290208335,       1.465556558,       3.638430498,       1.423484717,       3.210946524,        1.41977461,       3.171891406,       1.420214473,       3.127509891,       4.294744441,       4.120338747,       4.758825847,       3.934903868,     0.05583676468,     0.05318989559,     0.05465069616,     0.05367903136,    -0.04536350006,    -0.08583747615,    -0.08622691668,      0.2173563878,     -0.2174278929,      0.8239219787
         326,      -6.456075906,      -6.170399038,      -6.126979768,       3.322730047,       1.432518027,    -0.04739311939,        3.98473176,       3.282173128,       1.465471496,       3.624156822,        1.42340281,       3.227417806,       1.419936145,       3.163279849,       1.420082621,       3.127856567,       4.296817552,       4.124684958,       4.755248074,        3.93733864,     0.05583509863,     0.05318837668,     0.05465381462,      0.0536764696,    -0.04536187412,    -0.08585807065,    -0.08627441689,      0.2173537595,     -0.2174943617,      0.8179094338
         327,      -6.467932326,      -6.175264208,      -6.117187237,       3.319369721,       1.432464097,    -0.04735252562,        3.98737475,       3.274568318,        1.46533989,        3.61037369,       1.423269083,       3.243122329,       1.420149732,       3.155258262,       1.419917488,        3.12847136,       4.298065712,       4.129639549,       4.751833818,       3.940022224,     0.05583257108,     0.05318587381,     0.05465792348,      0.0536732698,    -0.04536073943,    -0.08587018905,    -0.08632775867,      0.2173496382,     -0.2175586872,       0.811811594
         328,      -6.475499714,      -6.176254303,      -6.104907757,       3.316197373,       1.432411365,    -0.04729469767,       3.990038657,       3.267489225,       1.465199544,       3.597204502,       1.423100037,       3.257808747,       1.420427155,       3.147878414,       1.419736431,       3.128687302,       4.299213361,       4.134921909,       4.748608738,        3.94274396,     0.05582984469,     0.05318272193,     0.05466327109,     0.05366978477,    -0.04535656129,    -0.08588126126,    -0.08638418832,      0.2173456225,     -0.2176220109,      0.8058647787
         329,      -6.489550737,      -6.172751971,      -6.091472322,       3.313262015,       1.432343562,     -0.0468297317,       3.992527549,       3.261007823,       1.465022333,       3.584821487,       1.422885381,       3.271330183,       1.420750255,       3.141241542,       1.419531591,       3.128370215,        4.29975673,        4.14061395,       4.745605576,       3.945697817,     0.05582643098,     0.05317870346,     0.05466948708,     0.05366584403,    -0.04534868372,    -0.08588753227,    -0.08644440845,      0.2173404655,     -0.2176806244,      0.7999077596
         330,      -6.520606155,      -6.166938227,      -6.083905568,       3.310537742,       1.432284997,    -0.04675052078,       3.995220337,       3.255172501,       1.464852928,       3.573312276,       1.422644316,       3.283447746,       1.421131601,       3.135348653,       1.419322787,       3.127557484,       4.300793895,       4.146536454,       4.742822739,       3.948469816,     0.05582314091,      0.0531742079,     0.05467683806,     0.05366185052,    -0.04533737555,    -0.08589657108,    -0.08650655328,      0.2173360374,     -0.2177404999,      0.7943529231
         331,      -6.567573055,      -6.162159772,      -6.080443613,       3.308068489,       1.432211413,      -0.047438888,       3.998233034,       3.250015146,       1.464648885,       3.562838131,       1.422361932,       3.294065898,       1.421545607,       3.130281608,       1.419096913,       3.126948628,       4.302353956,        4.15262277,       4.740279902,       3.950794146,     0.05581924687,     0.05316892083,     0.05468480212,     0.05365752529,    -0.04532658618,    -0.08590935755,     -0.0865699686,      0.2173304951,     -0.2178059123,      0.7894857561
         332,      -6.604734968,      -6.155314379,      -6.078988968,       3.305840357,        1.43214408,    -0.04801227057,       4.001125875,       3.245582181,       1.464448398,       3.553475107,       1.422057212,       3.303015571,       1.422002008,       3.126033273,       1.418871405,       3.125974348,       4.303795513,       4.158697751,       4.737984437,       3.953113604,     0.05581540588,     0.05316322557,     0.05469358927,     0.05365322448,    -0.04531335157,    -0.08591923854,    -0.08663287047,      0.2173254452,     -0.2178654606,       0.784870833
         333,        -6.6288374,      -6.147218258,      -6.076211257,       3.303896594,       1.432063834,    -0.04814956771,       4.003649566,       3.241912455,       1.464218669,       3.545353695,       1.421719771,       3.310245535,       1.422478374,       3.122661787,       1.418636023,        3.12463848,       4.304383675,       4.164874343,       4.735960428,       3.955499998,     0.05581102476,      0.0531569002,     0.05470274536,     0.05364873001,    -0.04529782121,    -0.08592206954,    -0.08669628973,      0.2173194003,     -0.2179161805,      0.7804604298
         334,      -6.654540775,      -6.139647158,      -6.076684018,       3.302188535,       1.432000001,    -0.04816356251,       4.005969758,       3.239013293,       1.464014737,       3.538490713,       1.421373571,       3.315604762,       1.422989258,       3.120101419,       1.418413356,        3.12289707,       4.304842452,       4.170855914,       4.734188535,       3.957806196,     0.05580708485,     0.05315043122,     0.05471258143,     0.05364450394,    -0.04527983506,    -0.08592386147,    -0.08675737306,      0.2173146014,     -0.2179610696,      0.7763823398
         335,      -6.714643555,      -6.133414297,      -6.082896192,       3.300744103,       1.431925718,    -0.04866803108,       4.008372064,       3.236866391,       1.463791184,       3.532989557,       1.421002619,       3.319093325,       1.423505215,       3.118382967,        1.41818789,       3.121363903,       4.305604381,       4.176637918,       4.732669822,       3.959704033,     0.05580281163,     0.05314348053,      0.0547224991,     0.05364021818,     -0.0452628837,    -0.08592723067,    -0.08681617253,      0.2173090094,     -0.2180062869,      0.7729657883
         336,      -6.784356525,      -6.129350952,      -6.090333348,       3.299528474,       1.431863353,    -0.04968952276,       4.010833829,       3.235462129,       1.463588944,       3.528854846,        1.42062762,       3.320644457,       1.424035823,       3.117440827,       1.417977131,       3.119555622,       4.306852084,       4.182205387,       4.731391827,       3.961144306,     0.05579891787,     0.05313646602,     0.05473270694,     0.05363623176,    -0.04524446458,     -0.0859337263,    -0.08687237049,      0.2173043226,     -0.2180505614,      0.7702475205
         337,      -6.820054764,      -6.126230774,      -6.099913909,       3.298568308,       1.431792352,    -0.05016364995,       4.012820748,       3.234782778,       1.463373169,       3.526153989,       1.420238079,        3.32030685,       1.424557033,       3.117286426,       1.417769174,       3.117597403,       4.307325746,       4.187445013,        4.73036066,       3.962657098,     0.05579479186,     0.05312916234,     0.05474271947,     0.05363229347,    -0.04522537311,    -0.08593267341,    -0.08692496403,      0.2172989671,     -0.2180830106,      0.7677035625
         338,      -6.786989706,        -6.1260056,      -6.111309435,       3.297819038,       1.431736015,     -0.0503576121,       4.014422464,        3.23479654,       1.463187563,       3.524848792,        1.41985497,        3.31806408,       1.425078946,       3.117828992,       1.417581632,       3.115364277,       4.307342564,       4.192316518,       4.729555053,       3.964064852,     0.05579120645,     0.05312199379,     0.05475275676,      0.0536287652,    -0.04520503124,    -0.08592753299,    -0.08697340618,      0.2172947222,     -0.2181059704,      0.7654902011
         339,      -6.760946584,      -6.126712161,      -6.122437695,       3.297306891,       1.431670791,    -0.05042162491,       4.015691088,       3.235465805,       1.462992218,       3.524978516,       1.419465706,       3.314021115,        1.42557535,        3.11906915,       1.417400048,       3.113404209,       4.306696544,       4.196902302,       4.728977681,       3.965269464,     0.05578746477,      0.0531146921,      0.0547622885,     0.05362534379,    -0.04518655262,    -0.08591763832,    -0.08701852234,      0.2172897892,     -0.2181227133,      0.7637082175
         340,      -6.765190981,      -6.129458765,      -6.139554902,       3.296976891,       1.431622786,    -0.05076276943,        4.01685668,        3.23673494,       1.462835532,       3.526460679,       1.419093364,       3.308210235,        1.42605929,       3.120892581,       1.417243452,       3.111295087,       4.306538182,       4.200820558,       4.728599677,       3.966093911,     0.05578443164,     0.05310772525,     0.05477159469,      0.0536224214,    -0.04516771652,    -0.08591104528,    -0.08705681214,       0.217286173,     -0.2181355739,      0.7625057659
         341,      -6.764038921,      -6.135838654,      -6.160793294,       3.296857834,       1.431564408,    -0.05146894776,       4.017929023,        3.23854782,       1.462669786,       3.529310382,       1.418722487,       3.300791093,        1.42650252,       3.123297039,       1.417094123,       3.109235238,        4.30667626,       4.204195573,       4.728422242,       3.966460076,     0.05578128247,     0.05310076604,     0.05478010222,     0.05361962791,    -0.04514970048,    -0.08590688573,    -0.08708958441,      0.2172817786,     -0.2181461706,      0.7619621665
         342,      -6.730047823,      -6.143199184,      -6.184653267,       3.296909455,       1.431519177,    -0.05221442175,        4.01877397,       3.240854097,       1.462537479,       3.533424865,        1.41837481,       3.291859052,        1.42691756,       3.126177097,       1.416968685,       3.107041028,       4.306856113,        4.20704043,       4.728428632,       3.966559549,     0.05577875663,     0.05309425512,     0.05478807889,     0.05361730768,    -0.04513158366,    -0.08590179523,     -0.0871168363,      0.2172783983,     -0.2181502152,      0.7618690837
         343,      -6.674210287,      -6.152501786,      -6.205875388,       3.297177328,       1.431460162,      -0.052218109,       4.018947426,       3.243622339,       1.462391279,       3.538800658,       1.418035446,       3.281621202,       1.427278301,       3.129541873,        1.41684899,       3.105212711,       4.305790892,       4.209313668,        4.72863749,       3.966729317,     0.05577600104,     0.05308787765,     0.05479499431,     0.05361508339,    -0.04511621063,    -0.08588675725,    -0.08713831054,      0.2172739564,     -0.2181412784,       0.761908173
         344,      -6.626032217,      -6.164865157,      -6.225630368,       3.297604339,       1.431419717,    -0.05231342239,       4.018888463,       3.246797226,       1.462290227,       3.545279244,       1.417731233,       3.270190984,       1.427605078,       3.133258921,       1.416757122,       3.103356983,        4.30468043,       4.211078642,       4.729024056,       3.966575041,     0.05577405345,     0.05308218123,     0.05480127572,      0.0536134123,    -0.04510146569,    -0.08587224768,    -0.08715436567,      0.2172709227,      -0.218128079,      0.7624490156
         345,      -6.626355344,      -6.177999095,      -6.250722382,       3.298222116,       1.431367972,    -0.05307728176,       4.018913895,       3.250314939,       1.462182379,       3.552823483,       1.417443748,       3.257798413,       1.427870352,       3.137323712,       1.416672776,       3.101694373,       4.304115316,       4.212430488,       4.729590088,       3.965836614,     0.05577201999,     0.05307677926,     0.05480636074,     0.05361187087,    -0.04508860645,    -0.08586241906,    -0.08716599447,      0.2172670309,       -0.21811702,      0.7637534745
         346,      -6.615945019,      -6.194040827,      -6.270932742,       3.298991082,       1.431328957,    -0.05399680356,       4.018798167,       3.254119282,       1.462110099,       3.561272544,        1.41719415,       3.244606195,       1.428089791,       3.141626644,       1.416612154,       3.100007723,       4.303856952,       4.213154944,       4.730320038,       3.964801364,     0.05577063638,      0.0530721022,     0.05481057755,     0.05361079531,    -0.04507647976,    -0.08585426468,     -0.0871712674,      0.2172641114,     -0.2181020118,      0.7655186747
         347,      -6.589206728,      -6.209222786,       -6.28534155,       3.299947506,       1.431278484,    -0.05438515305,       4.018172631,       3.258165655,        1.46203001,       3.570565868,       1.416968021,       3.230862171,       1.428242484,       3.146166255,       1.416558294,       3.098777453,       4.302750447,       4.213275105,        4.73122599,       3.963787478,     0.05576913567,     0.05306784698,     0.05481349837,     0.05360983277,    -0.04506774335,     -0.0858389642,    -0.08717060697,      0.2172603138,     -0.2180773145,      0.7674385114
         348,      -6.549261696,       -6.22652402,      -6.290499662,       3.301043568,       1.431243051,    -0.05439607833,       4.017147051,       3.262395535,        1.46198923,       3.580511067,       1.416786826,       3.216735816,       1.428347322,       3.150825738,       1.416528806,       3.097608346,       4.301241339,       4.212794555,       4.732286619,       3.962750973,     0.05576834851,     0.05306445255,     0.05481551573,     0.05360934845,    -0.04506023275,    -0.08582086158,    -0.08716396185,      0.2172576652,     -0.2180450562,      0.7695356458
         349,      -6.529831732,      -6.238312823,      -6.287274634,       3.302315064,       1.431195773,    -0.05368914537,       4.015571194,       3.266760069,       1.461939492,       3.591035373,       1.416632957,       3.202483966,        1.42838273,       3.155608641,       1.416504713,       3.096696238,       4.298983929,       4.211596947,       4.733510837,       3.961882049,     0.05576742929,     0.05306155185,     0.05481618532,     0.05360894783,    -0.04505501791,    -0.08579781146,    -0.08715046392,      0.2172541143,     -0.2180032933,      0.7716287881
         350,      -6.538777987,      -6.253493848,      -6.290647409,       3.303711362,       1.431164054,    -0.05374373663,       4.014214627,       3.271201121,       1.461928767,       3.601931068,       1.416527658,       3.188277592,       1.428370065,        3.16039971,       1.416504083,       3.095817295,       4.297629341,        4.21003681,       4.734875416,       3.960470891,     0.05576722262,     0.05305958083,     0.05481594759,     0.05360900614,    -0.04505083779,    -0.08578230949,    -0.08713313427,      0.2172517572,     -0.2179662816,      0.7744045252
         351,      -6.557795388,      -6.269322407,       -6.29462318,       3.305261768,       1.431121977,    -0.05456111485,        4.01307109,        3.27566643,       1.461910049,       3.613112444,       1.416452745,       3.174364881,       1.428290356,       3.165201415,       1.416508433,       3.095455567,       4.296930364,       4.208123239,       4.736383746,       3.958509975,     0.05576691332,     0.05305816253,     0.05481440907,     0.05360913921,    -0.04505031053,    -0.08577292137,    -0.08711221659,      0.2172486241,     -0.2179354485,      0.7778737706
         352,       -6.55217133,      -6.280885584,      -6.290542139,        3.30691889,       1.431094117,    -0.05510790781,       4.011697582,       3.280102099,       1.461925603,       3.624374837,       1.416426394,       3.160910208,       1.428164542,       3.169911036,       1.416533764,       3.095187316,       4.295935067,       4.205909967,       4.738013007,       3.956589674,     0.05576724326,     0.05305767148,      0.0548119989,     0.05360968009,    -0.04505106892,    -0.08575987971,    -0.08708813589,      0.2172465937,     -0.2178990845,      0.7814233327
         353,      -6.549714751,      -6.287183534,      -6.275884047,       3.308729721,       1.431051847,    -0.05492832338,       4.009820606,       3.284486162,        1.46192253,       3.635652458,       1.416427763,       3.148155883,       1.427973727,       3.174557832,       1.416559329,       3.095156782,        4.29415724,       4.203133786,       4.739781568,       3.954892282,     0.05576725937,     0.05305767779,     0.05480832218,     0.05361019923,    -0.04505387998,    -0.08574179981,    -0.08705883059,      0.2172434586,     -0.2178545104,      0.7848892861
         354,      -6.552819466,      -6.292076609,       -6.25667755,       3.310634138,       1.431028585,    -0.05434822509,       4.007683576,       3.288780766,       1.461959229,       3.646725178,       1.416479882,       3.136225076,       1.427747068,       3.179028837,       1.416606873,        3.09515042,       4.291965022,       4.200123033,       4.741662723,       3.953335351,     0.05576797654,     0.05305865841,     0.05480397544,     0.05361114906,    -0.04505748773,    -0.08572139776,    -0.08702710397,      0.2172417595,     -0.2178059895,      0.7883273722
         355,      -6.582266863,      -6.293364093,      -6.251420094,       3.312650734,       1.430997873,    -0.05439984342,       4.005807539,       3.292936519,       1.461988115,       3.657510636,        1.41656116,       3.125313299,       1.427467901,       3.183331855,       1.416657279,       3.095674019,       4.290664596,       4.196630055,       4.743648607,       3.951407696,     0.05576857814,     0.05306017039,     0.05479860757,     0.05361213221,    -0.04506458844,    -0.08570953525,    -0.08699092211,      0.2172394883,     -0.2177650458,       0.792240911
         356,      -6.612574432,      -6.294709424,      -6.240711524,       3.314723973,       1.430983425,    -0.05501682638,       4.004216796,       3.296904286,       1.462049544,       3.667820253,       1.416686986,       3.115522854,       1.427159056,       3.187375005,       1.416725857,         3.0962675,       4.290163561,        4.19301709,       4.745707398,       3.949199969,     0.05576977332,     0.05306253399,     0.05479268223,     0.05361346777,    -0.04507257791,    -0.08570402045,    -0.08695340221,      0.2172384573,     -0.2177300006,      0.7965074293
         357,      -6.639814624,      -6.289833938,      -6.229478451,       3.316877044,       1.430960941,    -0.05535201042,       4.002484031,       3.300652731,       1.462098143,        3.67759166,       1.416837335,       3.107017528,       1.426807379,       3.191179354,       1.416794799,       3.097011981,       4.289349415,       4.189299162,       4.747837985,       3.947132021,     0.05577075998,     0.05306533965,     0.05478591895,     0.05361478732,    -0.04508181749,    -0.08569634905,    -0.08691485287,      0.2172368059,     -0.2176930194,      0.8007059646
         358,      -6.659626572,      -6.286230607,      -6.221659216,       3.319052048,       1.430956069,    -0.05503542329,        4.00049148,       3.304147756,       1.462177803,       3.686652664,       1.417028047,       3.099853093,       1.426438208,       3.194660006,        1.41688054,        3.09771851,        4.28790734,       4.185587325,       4.750008117,       3.945456057,     0.05577230094,     0.05306891882,     0.05477883249,     0.05361643395,    -0.04509118044,    -0.08568306595,    -0.08687621684,      0.2172364862,     -0.2176504632,      0.8045520605
         359,      -6.681297386,      -6.279010403,       -6.21484025,       3.321262958,       1.430945913,    -0.05426807832,        3.99830704,       3.307360558,       1.462246454,       3.694953393,       1.417238868,       3.094143994,        1.42603988,       3.197837001,       1.416966211,       3.098938479,       4.286031803,       4.181596548,       4.752208871,       3.944038961,       0.055773656,     0.05307285934,     0.05477117228,     0.05361805886,    -0.04510359908,    -0.08566791802,    -0.08683518067,      0.2172357465,     -0.2176066978,      0.8081699094
         360,      -6.706964713,       -6.27110791,      -6.206114395,       3.323437077,       1.430956905,    -0.05365695612,       3.996278482,       3.310247088,        1.46234994,       3.702336083,       1.417485232,       3.089889216,        1.42563855,        3.20062035,       1.417068951,       3.100165501,       4.284593465,       4.177545605,       4.754393983,       3.942621526,     0.05577563917,     0.05307748562,     0.05476346933,     0.05362001933,    -0.04511618721,    -0.08565761888,    -0.08679359954,      0.2172366135,     -0.2175674056,      0.8117724567
         361,      -6.706978253,      -6.265114425,      -6.203798097,       3.325581926,       1.430963506,    -0.05285910921,       3.994266484,       3.312769098,       1.462441333,       3.708776432,       1.417744503,       3.087158758,       1.425220924,       3.203034534,       1.417170281,       3.101408125,       4.283147014,        4.17353078,       4.756545432,       3.941407375,     0.05577743882,     0.05308233745,     0.05475543885,     0.05362193322,    -0.04512889213,    -0.08564815501,    -0.08675249107,      0.2172371483,     -0.2175295382,      0.8151380573
         362,      -6.747628476,      -6.258637266,      -6.209729094,         3.3276402,       1.430987108,    -0.05322242353,       3.992933787,       3.314902143,       1.462556558,        3.71416567,       1.418028765,       3.085918503,       1.424810009,       3.205017279,       1.417283856,         3.1025185,       4.283235721,       4.169714479,       4.758627308,       3.939711364,     0.05577967397,     0.05308767074,     0.05474754689,     0.05362408675,    -0.04514082136,     -0.0856516942,    -0.08671323134,      0.2172389784,     -0.2175057469,      0.8189159446
         363,      -6.818212935,      -6.253577559,      -6.219031404,       3.329625565,       1.431005972,    -0.05367199783,       3.991775347,        3.31663867,       1.462655368,       3.718507681,       1.418318114,       3.086193904,       1.424395802,       3.206603972,       1.417393597,       3.104109035,       4.283437615,        4.16598987,       4.760631536,       3.938103349,     0.05578162115,     0.05309308284,     0.05473957708,     0.05362614875,     -0.0451552545,    -0.08565641766,     -0.0866750534,      0.2172404298,     -0.2174867256,      0.8225281873
         364,       -6.80779358,      -6.252569921,      -6.229995019,       3.331466224,       1.431046275,    -0.05365475463,       3.990545895,       3.317958191,       1.462783806,       3.721707266,       1.418627156,        3.08788593,       1.424004242,       3.207722641,       1.417516467,       3.105618591,       4.283392467,       4.162369143,       4.762512499,       3.936891141,     0.05578408856,      0.0530988829,     0.05473205733,     0.05362847333,    -0.04516902416,    -0.08565877543,    -0.08663800851,      0.2172435021,     -0.2174658081,      0.8256213584
         365,      -6.722038209,      -6.251734833,      -6.231050401,       3.333175529,       1.431081134,    -0.05266371486,       3.989002134,       3.318848173,       1.462893366,       3.723801984,       1.418931944,       3.090982844,       1.423620532,       3.208417205,        1.41763309,       3.107002232,       4.282411489,       4.158955754,       4.764256664,       3.936338419,     0.05578622205,     0.05310458528,     0.05472467284,     0.05363066033,    -0.04518181492,    -0.08565449074,    -0.08660319973,      0.2172461405,     -0.2174395054,      0.8279182451
         366,       -6.70133559,      -6.247607795,      -6.238322366,       3.334685351,       1.431136527,    -0.05164190845,       3.987620109,       3.319297657,       1.463029441,       3.724731721,       1.419247563,       3.095346097,       1.423270062,       3.208626013,       1.417760411,       3.108154972,       4.281620769,       4.155846611,       4.765821879,         3.9359782,     0.05578881335,     0.05311050848,     0.05471794129,     0.05363306375,    -0.04519296661,    -0.08565298626,    -0.08657140152,      0.2172503269,     -0.2174173544,      0.8298436782
         367,      -6.739099756,      -6.252286195,      -6.266829177,       3.335999551,       1.431188897,    -0.05158992439,       3.986910236,       3.319291872,       1.463149912,       3.724550899,       1.419552678,       3.100917177,       1.422939745,       3.208387605,       1.417881528,        3.10973627,       4.282028982,        4.15299371,       4.767188448,       3.935320312,     0.05579113608,     0.05311622065,     0.05471158511,     0.05363533452,    -0.04520602414,    -0.08566144305,     -0.0865423248,      0.2172542764,      -0.217409792,      0.8318681356
         368,      -6.813897349,      -6.258062364,      -6.285845797,       3.337067461,       1.431256515,    -0.05242919888,       3.986804716,       3.318830851,       1.463286533,        3.72324827,       1.419857437,       3.107541412,       1.422648214,        3.20766718,        1.41800823,       3.111153745,       4.283767089,       4.150368472,       4.768323976,       3.934375517,     0.05579373989,     0.05312193813,     0.05470598413,     0.05363772036,    -0.04521770586,    -0.08568123726,    -0.08651564854,      0.2172593825,     -0.2174145917,      0.8339484586
         369,      -6.766632231,       -6.26486448,      -6.308810419,        3.33790285,       1.431319215,    -0.05231008061,       3.986453503,       3.317926039,       1.463403155,       3.720905362,        1.42014388,       3.115135132,       1.422384254,       3.206514363,       1.418125886,       3.112336308,       4.284624926,       4.148121544,       4.769222065,       3.934143423,     0.05579598065,     0.05312729829,     0.05470090144,     0.05363992053,    -0.04522756682,    -0.08569252011,    -0.08649287249,      0.2172641009,     -0.2174129594,      0.8350786423
         370,      -6.738230837,      -6.272795543,      -6.326541629,       3.338459927,       1.431396296,    -0.05170240998,       3.986038363,       3.316592778,       1.463534446,       3.717536059,       1.420422987,       3.123515618,       1.422166113,       3.204901344,       1.418246966,       3.113207972,        4.28512824,       4.146206358,       4.769856222,       3.934335953,     0.05579845926,     0.05313253459,     0.05469671106,     0.05364219673,    -0.04523515985,    -0.08570110619,     -0.0864735113,      0.2172699016,     -0.2174097773,      0.8355202691
         371,      -6.711744379,      -6.284501371,      -6.343448285,       3.338755923,       1.431467351,    -0.05111644792,       3.985809524,       3.314848694,       1.463644808,        3.71324413,       1.420676906,       3.132579207,        1.42198097,       3.202883058,       1.418356818,       3.114451888,       4.285494394,       4.144705709,       4.770223274,       3.934693076,     0.05580054818,     0.05313728618,      0.0546931447,      0.0536442475,     -0.0452441961,     -0.0857099016,    -0.08645843218,      0.2172752266,     -0.2174125299,      0.8355301983
         372,      -6.724579692,      -6.293474853,      -6.365726124,       3.338736746,       1.431554591,    -0.05100482383,       3.985995161,        3.31270034,       1.463774818,       3.708056549,       1.420919059,       3.142112295,       1.421847921,       3.200425182,       1.418470216,       3.115475552,       4.286682653,       4.143497972,       4.770291337,       3.934990337,     0.05580297838,     0.05314183591,      0.0546905958,     0.05364638135,    -0.04525139975,    -0.08572579962,    -0.08644642557,      0.2172817914,     -0.2174236249,      0.8353010002
         373,      -6.681764891,       -6.31058386,      -6.383794126,       3.338433287,       1.431630663,    -0.05044318878,       3.986190101,       3.310161863,       1.463876315,       3.702110855,       1.421127598,       3.152016278,       1.421747672,       3.197602264,        1.41856806,       3.116201445,       4.287587442,        4.14273207,        4.77006395,       3.935746913,     0.05580491542,     0.05314573917,     0.05468866392,     0.05364820471,    -0.04525633312,     -0.0857378985,    -0.08643893996,      0.2172875232,     -0.2174331716,      0.8343170376
         374,      -6.660380196,      -6.322136989,       -6.38952923,       3.337830396,       1.431712834,    -0.05016543707,       3.986667629,       3.307280823,       1.463979777,       3.695479361,        1.42131439,         3.1621051,       1.421695076,       3.194421295,       1.418661569,       3.116572884,       4.289035361,       4.142276734,       4.769543231,       3.936502192,     0.05580686859,     0.05314924485,     0.05468765655,     0.05364995447,    -0.04525870772,     -0.0857543032,    -0.08643472179,      0.2172937245,     -0.2174477327,      0.8330410383
         375,      -6.669278158,      -6.337342079,      -6.407589941,       3.336969899,       1.431782752,    -0.05022629441,       3.987427598,       3.304111533,       1.464053587,       3.688304056,       1.421465033,       3.172272846,       1.421676658,       3.190961863,       1.418737486,       3.117272822,       4.290547042,       4.142294757,       4.768752652,       3.937201304,     0.05580826306,     0.05315206051,       0.054687296,     0.05365135885,    -0.04526227855,    -0.08577210689,    -0.08643533414,      0.2172989784,     -0.2174697196,      0.8315513477
         376,      -6.659780894,      -6.352306447,       -6.41403712,       3.335823119,       1.431862627,    -0.05028216016,       3.988301484,       3.300693919,        1.46413941,       3.680648171,       1.421594476,        3.18231151,       1.421708917,       3.187215274,       1.418810574,       3.117722897,       4.292122823,       4.142637975,       4.767685746,       3.938019324,     0.05580983848,      0.0531544975,     0.05468792567,     0.05365272594,    -0.04526389615,     -0.0857906719,    -0.08643932467,      0.2173049876,     -0.2174938927,      0.8296664218
         377,      -6.648336019,      -6.367617299,      -6.412617177,       3.334436698,       1.431927206,    -0.05012662948,       3.989241475,       3.297063286,        1.46419387,       3.672667778,       1.421684045,       3.192130991,       1.421771277,       3.183269959,       1.418863361,       3.117863658,       4.293599132,       4.143385471,       4.766363904,       3.939114845,     0.05581084345,     0.05315617305,     0.05468912202,     0.05365369507,    -0.04526325227,    -0.08580704811,    -0.08644749158,      0.2173098336,      -0.217517792,      0.8272490588
         378,      -6.649646922,      -6.380522926,       -6.39820372,       3.332802131,       1.431995964,    -0.04995285958,       3.990303871,       3.293269742,       1.464252306,       3.664444658,       1.421748647,       3.201553914,       1.421877493,       3.179138412,       1.418908983,        3.11764719,        4.29528319,        4.14438818,       4.764798094,       3.940351011,     0.05581189467,     0.05315739467,     0.05469117301,     0.05365454095,    -0.04526011492,    -0.08582439436,    -0.08645835739,      0.2173150033,     -0.2175428667,       0.824447083
         379,      -6.661684426,      -6.393521007,       -6.39617363,       3.330978382,       1.432046665,    -0.04998412942,       3.991536355,       3.289366748,       1.464276171,       3.656136365,       1.421773059,       3.210509431,       1.422008563,       3.174918851,       1.418932133,       3.117737408,       4.296830702,       4.145801438,       4.763025047,       3.941552226,     0.05581231249,      0.0531578486,     0.05469368958,     0.05365494783,     -0.0452581637,    -0.08584079893,    -0.08647339344,      0.2173187985,     -0.2175723561,      0.8214728212
         380,      -6.667505105,      -6.405056088,      -6.386957829,       3.328963898,       1.432100017,    -0.05003383397,       3.992838892,       3.285412509,       1.464303611,       3.647820504,       1.421773471,       3.218839432,          1.422178,       3.170628098,       1.418946956,       3.117584176,       4.298432063,         4.1474421,       4.761063915,       3.942805058,     0.05581276364,     0.05315786765,     0.05469695613,     0.05365521075,    -0.04525444653,    -0.08585731756,    -0.08649081759,      0.2173227982,     -0.2176025817,      0.8182588572
         381,      -6.675773042,      -6.412153775,       -6.37665654,       3.326820977,       1.432134258,    -0.04994518431,       3.994148246,       3.281459783,       1.464297393,       3.639647267,       1.421735423,       3.226493778,        1.42236596,       3.166364919,       1.418938769,       3.117158919,       4.299836956,       4.149420382,       4.758955235,       3.944203062,     0.05581259682,     0.05315715245,     0.05470056728,     0.05365502599,    -0.04524884646,    -0.08587133979,    -0.08651169986,      0.2173253425,     -0.2176318861,      0.8147521728
         382,       -6.69220461,      -6.414963492,      -6.360584776,       3.324548727,       1.432170735,    -0.04986667261,       3.995518758,       3.277559695,       1.464296862,       3.631683637,       1.421676037,       3.233337508,       1.422585605,       3.162143349,       1.418922494,       3.116407631,       4.301342473,       4.151597152,       4.756719462,       3.945652085,     0.05581251035,     0.05315605348,     0.05470480071,     0.05365470352,    -0.04524110857,    -0.08588534691,    -0.08653462964,      0.2173280681,     -0.2176610851,      0.8110673765
         383,      -6.698382179,      -6.417787969,      -6.350160272,       3.322218104,       1.432185245,    -0.04982923987,       3.996907958,       3.273762366,       1.464259918,       3.624075954,       1.421579857,       3.239355157,       1.422814641,       3.158068629,       1.418882123,       3.115964845,       4.302502908,        4.15402143,       4.754403348,       3.947078718,     0.05581176898,     0.05315424909,     0.05470920099,      0.0536539113,    -0.04523477194,    -0.08589638884,    -0.08656010178,      0.2173291304,     -0.2176912626,      0.8073246305
         384,      -6.711074027,      -6.416743857,      -6.342002293,        3.31984115,       1.432198754,    -0.04992053176,        3.99834383,        3.27012923,       1.464224468,       3.616884678,       1.421464604,       3.244451375,       1.423065702,       3.154162765,       1.418832497,       3.115311439,       4.303738684,       4.156580308,       4.752039904,       3.948423298,     0.05581102906,     0.05315210059,     0.05471403528,     0.05365295744,    -0.04522707576,    -0.08590768005,    -0.08658692116,      0.2173301224,      -0.217721677,      0.8036166054
         385,      -6.732197824,      -6.412843998,      -6.336912871,       3.317488489,       1.432191065,     -0.0500001188,        3.99976771,       3.266715006,       1.464155557,       3.610235155,       1.421317966,       3.248632805,       1.423319175,        3.15052346,       1.418760523,       3.114457457,       4.304825564,       4.159350806,       4.749679554,       3.949767591,     0.05580967496,        0.05314935,     0.05471890397,     0.05365156933,    -0.04521812709,    -0.08591697648,    -0.08661583507,      0.2173294983,     -0.2177509386,      0.7999119627
         386,       -6.76257049,      -6.406614992,      -6.328860806,       3.315160366,       1.432185452,    -0.05011641871,        4.00118543,       3.263563019,       1.464095767,       3.604159234,       1.421159008,       3.251822004,       1.423588864,       3.147154289,       1.418682968,       3.113330642,       4.306000247,       4.162143167,       4.747345819,       3.951069011,     0.05580846567,      0.0531463856,     0.05472409826,     0.05365009312,    -0.04520757525,    -0.08592621503,     -0.0866449721,      0.2173290426,     -0.2177787624,      0.7962768073
         387,      -6.774447358,      -6.401668617,      -6.327898599,       3.312929784,       1.432157107,    -0.05023702752,       4.002529798,       3.260712367,       1.464001406,       3.598771452,        1.42097247,       3.254062087,       1.423851383,       3.144152549,       1.418583971,       3.112531877,       4.306758992,       4.165020098,       4.745086891,       3.952292771,     0.05580664033,     0.05314288718,     0.05472914007,     0.05364819768,    -0.04519878181,    -0.08593184855,    -0.08667498878,      0.2173268653,     -0.2178056191,      0.7927941199
         388,      -6.793658493,      -6.395015856,      -6.330022031,       3.310804031,        1.43212914,    -0.05045685327,       4.003842598,       3.258209644,       1.463913537,       3.594089053,       1.420778108,       3.255314283,       1.424120795,        3.14152212,         1.4184803,       3.111571852,       4.307507924,       4.167903376,       4.742933171,       3.953385744,     0.05580491269,     0.05313925596,     0.05473432546,     0.05364622922,    -0.04518914344,    -0.08593690786,    -0.08670501094,      0.2173247233,     -0.2178310622,      0.7895474262
         389,      -6.814802996,      -6.388616144,      -6.335288907,       3.308850789,       1.432080698,    -0.05057149683,       4.005033167,       3.256093724,       1.463795331,       3.590199281,       1.420563528,       3.255641065,       1.424376915,       3.139346493,       1.418358854,       3.110500234,        4.30800413,       4.170790947,       4.740931486,        3.95446167,     0.05580263557,     0.05313523025,     0.05473924237,     0.05364391303,    -0.04517898514,    -0.08593919245,    -0.08673505541,      0.2173210212,      -0.217853233,       0.786469816
         390,      -6.843726819,      -6.382978869,      -6.338080926,       3.307061905,       1.432036745,    -0.05075333636,       4.006171391,       3.254390283,       1.463691682,       3.587085447,       1.420349273,       3.255019809,        1.42463501,       3.137606142,       1.418237893,       3.109217826,       4.308539157,       4.173609135,        4.73909865,       3.955418055,     0.05580060632,     0.05313122743,     0.05474421113,     0.05364162479,    -0.04516780451,    -0.08594108399,    -0.08676424678,      0.2173176697,     -0.2178731353,      0.7836805954
         391,      -6.825341204,      -6.381271945,      -6.344841295,       3.305499613,       1.431973189,    -0.05086317555,       4.007142158,       3.253118014,       1.463559682,        3.58481621,       1.420120573,       3.253539813,       1.424872481,       3.136374554,        1.41810237,       3.108293989,       4.308510337,       4.176415847,       4.737472802,       3.956278982,     0.05579807913,      0.0531269363,     0.05474876908,     0.05363904854,    -0.04515878077,    -0.08593836284,    -0.08679316673,       0.217312833,     -0.2178903103,      0.7811938196
         392,      -6.814923619,      -6.377839783,      -6.354925175,       3.304155088,       1.431914329,    -0.05096564859,       4.007980988,       3.252296376,       1.463442112,       3.583355634,       1.419897826,       3.251208502,       1.425104682,       3.135624283,       1.417970149,       3.107261355,       4.308383475,       4.179047424,       4.736069417,       3.957015339,      0.0557958018,     0.05312277088,     0.05475323747,     0.05363655181,    -0.04514941406,     -0.0859345101,     -0.0868202053,       0.217308362,     -0.2179041295,      0.7790540777
         393,      -6.833308858,      -6.375785808,      -6.372287338,       3.303081832,       1.431838898,    -0.05125188759,       4.008784848,       3.251937938,       1.463300892,       3.582745561,       1.419668042,       3.248129598,       1.425311717,       3.135411661,       1.417828064,       3.106205241,       4.308373746,        4.18148902,        4.73492073,       3.957532961,     0.05579310745,     0.05311845702,     0.05475720899,     0.05363385734,    -0.04514021095,    -0.08593135068,    -0.08684535578,      0.2173026308,     -0.2179169174,        0.77738777
         394,      -6.862341964,      -6.376042573,       -6.38408629,       3.302254669,       1.431772491,    -0.05163079833,       4.009519904,       3.252041011,       1.463181523,       3.582918507,       1.419451807,       3.244321707,       1.425510194,       3.135684816,       1.417694915,       3.104995964,       4.308480279,       4.183719631,        4.73402716,       3.957889106,      0.0557908026,     0.05311441358,     0.05476102996,     0.05363135127,    -0.04513048811,    -0.08592838012,    -0.08686825459,      0.2172975974,     -0.2179271228,      0.7761380538
         395,      -6.848264981,      -6.380762441,      -6.403725291,       3.301719922,       1.431691112,    -0.05167231738,       4.009935128,       3.252599941,       1.463040881,       3.583899698,       1.419233797,       3.239906329,        1.42567864,       3.136488113,        1.41755569,       3.104177686,        4.30784498,       4.185729666,       4.733411034,        3.95826281,     0.05578813531,     0.05311031876,     0.05476425934,     0.05362871786,    -0.04512327007,    -0.08591910644,    -0.08688887298,      0.2172914313,     -0.2179312495,       0.775148224
         396,      -6.825015897,      -6.388705768,      -6.419988684,       3.301445903,       1.431620584,    -0.05200531278,       4.010332299,       3.253603426,         1.4629243,       3.585602018,       1.419034673,       3.234918047,       1.425834665,       3.137756223,       1.417429199,       3.103295258,       4.307411767,       4.187525347,       4.733066487,       3.958326986,     0.05578590036,     0.05310659349,     0.05476726311,      0.0536263439,    -0.04511609651,    -0.08591183195,    -0.08690707433,      0.2172861009,     -0.2179350028,       0.774739501
         397,      -6.828496228,      -6.395310483,      -6.439099975,       3.301470111,       1.431537915,    -0.05238870933,        4.01061872,       3.255037226,       1.462790362,       3.588031068,        1.41883938,       3.229485679,       1.425958334,       3.139518501,       1.417300876,       3.102460458,       4.306829926,        4.18917931,       4.733008026,       3.958230011,     0.05578337144,     0.05310292245,     0.05476963111,       0.053623923,    -0.04510960304,    -0.08590333196,    -0.08692359927,       0.217279848,     -0.2179365343,      0.7747780154
         398,      -6.817010811,      -6.405949751,      -6.452909652,       3.301747302,       1.431469752,    -0.05277197551,       4.010786207,       3.256874024,       1.462686115,       3.591076708,        1.41866853,       3.223647767,       1.426068447,       3.141689963,       1.417189913,       3.101514532,       4.306363387,       4.190482843,       4.733217054,       3.958014231,     0.05578137711,     0.05309972661,     0.05477175289,     0.05362184995,    -0.04510292605,     -0.0858950653,    -0.08693647425,      0.2172747066,     -0.2179344656,       0.775202823
         399,      -6.792071654,      -6.415469575,      -6.468065748,       3.302302174,       1.431392791,     -0.0527799828,       4.010632833,       3.259080834,       1.462569696,       3.594727015,       1.418506246,       3.217534738,        1.42614546,       3.144283164,       1.417081356,       3.100987245,       4.305283723,       4.191424157,       4.733694966,        3.95785285,     0.05577919043,     0.05309667462,     0.05477322534,     0.05361981034,    -0.04509898167,    -0.08588145526,    -0.08694577873,      0.2172689007,     -0.2179262156,      0.7758421155
         400,      -6.731150453,      -6.427769245,      -6.470143816,       3.303082336,       1.431331929,    -0.05281869334,       4.010348387,       3.261616353,        1.46248476,       3.598860696,       1.418371561,       3.211191391,       1.426207609,       3.147203154,       1.416992983,       3.100424763,       4.304206495,       4.192060047,       4.734414265,       3.957529694,      0.0557775801,     0.05309415589,     0.05477442538,     0.05361817031,    -0.04509529077,    -0.08586831226,    -0.08695188188,      0.2172643317,     -0.2179154849,      0.7768845704
         401,      -6.705763707,      -6.435782358,        -6.4657582,       3.304109989,       1.431263278,    -0.05239437313,       4.009701902,       3.264445005,       1.462388075,       3.603459634,       1.418247902,       3.204751593,       1.426235867,       3.150457549,       1.416909072,       3.099953839,       4.302508027,       4.192385197,       4.735373267,       3.957307529,     0.05577578446,     0.05309182577,     0.05477495967,     0.05361660051,    -0.04509254977,    -0.08585089412,    -0.08695481505,      0.2172591704,     -0.2178982589,      0.7780657376
         402,      -6.724741369,      -6.449119366,      -6.472579635,       3.305323505,       1.431213547,    -0.05260401751,        4.00925494,       3.267520216,       1.462326729,        3.60838899,       1.418154996,        3.19825452,       1.426250611,       3.153938532,       1.416848288,       3.099392533,        4.30158045,       4.192479579,       4.736537053,       3.956650922,     0.05577462823,     0.05309008937,      0.0547752486,     0.05361548625,    -0.04508974643,    -0.08583973133,    -0.08695512773,      0.2172554525,     -0.2178846055,      0.7798861304
         403,        -6.7520598,      -6.470551542,      -6.487407678,        3.30672968,         1.4311601,    -0.05328163215,       4.008929401,        3.27078931,       1.462260319,       3.613616091,       1.418076217,       3.191821628,       1.426234316,       3.157636213,       1.416795504,       3.099268264,        4.30088131,       4.192451514,        4.73788978,       3.955647768,     0.05577341246,      0.0530886027,     0.05477492908,     0.05361451079,    -0.04508975393,    -0.08583068847,    -0.08695389987,       0.217251455,     -0.2178743423,      0.7822420115
         404,      -6.733115296,      -6.485300427,      -6.496596229,       3.308258228,       1.431127097,    -0.05355818279,       4.008337033,       3.274187202,       1.462231451,       3.619002888,       1.418028908,       3.185486933,       1.426206005,       3.161435373,       1.416767474,       3.099119763,       4.300017333,         4.1919504,       4.739385325,        3.95477885,     0.05577289529,     0.05308772297,      0.0547743927,     0.05361402037,    -0.04509002195,    -0.08581937037,    -0.08694795632,      0.2172490313,     -0.2178573486,      0.7846064741
         405,      -6.687754678,      -6.495756532,      -6.473844322,       3.309932511,       1.431086006,     -0.0533108622,       4.007366379,       3.277674157,        1.46218828,        3.62453845,       1.417992429,       3.179383126,       1.426144805,       3.165346697,       1.416744567,        3.09907252,       4.298475008,       4.191149452,       4.741018516,       3.954055517,     0.05577215134,     0.05308702424,     0.05477320628,     0.05361360686,    -0.04509124041,    -0.08580358099,    -0.08693909435,      0.2172459887,     -0.2178339158,      0.7869629998
         406,      -6.666434445,      -6.498264963,      -6.453239206,       3.311683642,       1.431066467,    -0.05292577407,       4.006251921,       3.281207291,       1.462183053,       3.630082156,       1.417987877,       3.173530934,       1.426074903,       3.169253727,       1.416746671,       3.098932048,       4.296902103,       4.190068171,       4.742750109,       3.953326147,      0.0557720796,     0.05308694252,     0.05477186778,     0.05361368328,    -0.04509230957,    -0.08578862763,    -0.08692739828,      0.2172445732,     -0.2178083355,      0.7894239621
         407,      -6.692009995,      -6.508177185,      -6.466630636,       3.313509475,       1.431045912,    -0.05296107315,       4.005310757,       3.284729403,       1.462176261,       3.635600271,       1.417997403,       3.168029066,       1.425979968,       3.173139581,       1.416757979,       3.099235502,       4.295823133,       4.188724231,       4.744555387,       3.952349684,     0.05577199962,     0.05308711135,     0.05477003754,     0.05361392026,    -0.04509613394,    -0.08577759592,    -0.08691312263,      0.2172430688,     -0.2177868525,      0.7922057038
         408,      -6.751667154,      -6.520061088,      -6.455274038,       3.315335909,       1.431046665,    -0.05370817403,       4.004670095,       3.288172122,       1.462207607,        3.64096303,       1.418036196,       3.162890632,       1.425878555,       3.176890313,       1.416793425,       3.099505796,       4.295638363,       4.187246071,       4.746382574,       3.950961921,     0.05577261973,      0.0530878458,     0.05476809651,     0.05361462801,    -0.04510005999,    -0.08577435363,    -0.08689724341,        0.21724319,      -0.217771657,      0.7954206531
         409,      -6.753184801,      -6.528331735,      -6.456549597,       3.317174477,       1.431042419,    -0.05379200356,       4.003705402,       3.291487228,       1.462229495,       3.646159947,        1.41808444,       3.158217443,       1.425752481,       3.180508978,       1.416834379,       3.099857492,       4.294630963,       4.185758392,       4.748216897,       3.949913399,     0.05577310107,     0.05308873889,     0.05476566617,     0.05361542071,    -0.04510468213,     -0.0857635886,    -0.08688103702,      0.2172429268,     -0.2177493077,      0.7983034983
         410,      -6.713104751,      -6.528475538,      -6.435095651,       3.318963428,       1.431057094,    -0.05366435991,       4.002595712,        3.29463303,       1.462283808,       3.651076365,       1.418158733,       3.154014214,       1.425622469,       3.183897645,       1.416896358,       3.100094472,       4.293595099,       4.183993729,       4.750020521,       3.948931352,     0.05577416461,     0.05309013553,     0.05476317234,     0.05361662271,    -0.04510888979,    -0.08575348671,    -0.08686212289,      0.2172440952,     -0.2177244994,      0.8010891695
         411,      -6.711587952,      -6.520281403,      -6.415492298,       3.320711675,       1.431068178,    -0.05309044773,       4.001251935,       3.297573786,        1.46233063,       3.655702049,       1.418241249,       3.150360263,       1.425473425,       3.187058796,       1.416962944,       3.100772197,       4.291924585,       4.182081975,       4.751779854,       3.948161487,     0.05577510446,     0.05309167132,     0.05476030042,     0.05361789494,    -0.04511568791,    -0.08573954989,    -0.08684188014,      0.2172449711,     -0.2176971179,      0.8036183667
         412,      -6.747317042,      -6.511829204,      -6.415828745,       3.322343636,       1.431101318,    -0.05294644832,       4.000155267,       3.300254533,       1.462416101,       3.659919202,       1.418348873,       3.147231141,       1.425327114,       3.189885417,       1.417050831,       3.101395212,       4.291052565,       4.180008079,       4.753444954,       3.947208819,     0.05577674436,     0.05309369816,     0.05475749763,     0.05361958574,    -0.04512229938,    -0.08573226448,    -0.08682008355,      0.2172475259,     -0.2176746474,      0.8062361349
         413,      -6.799710114,      -6.513813721,      -6.429302106,        3.32387134,       1.431128601,    -0.05326679658,       3.999326247,       3.302629066,       1.462490458,       3.663736889,       1.418459795,        3.14469825,       1.425164511,       3.192392619,       1.417139964,       3.102052043,       4.291012486,       4.177746474,       4.754999941,       3.946059451,     0.05577822403,     0.05309576985,     0.05475436753,     0.05362128107,    -0.04512916079,    -0.08573238264,    -0.08679663658,      0.2172496425,       -0.21765818,       0.808940491
         414,      -6.796500572,      -6.510001633,      -6.432553076,       3.325248634,       1.431170052,    -0.05329121212,       3.998429331,       3.304673042,       1.462588239,        3.66707765,       1.418587788,       3.142744798,       1.425004046,       3.194513033,       1.417242909,       3.102558305,       4.290869037,         4.1754928,       4.756418686,       3.945138119,     0.05578013261,     0.05309817384,     0.05475128816,     0.05362324575,    -0.04513523152,    -0.08573044214,    -0.08677318416,      0.2172528404,     -0.2176388578,      0.8112805664
         415,      -6.794245613,      -6.501656871,      -6.433097427,       3.326506912,       1.431202132,    -0.05310468095,       3.997422455,        3.30638722,       1.462667024,       3.669968934,       1.418714503,       3.141431699,       1.424830779,       3.196284007,       1.417342081,       3.103493031,       4.290060643,        4.17343171,       4.757709044,       3.944317774,     0.05578169736,     0.05310053582,     0.05474794766,     0.05362511879,    -0.04514366424,    -0.08572419738,    -0.08675155138,      0.2172552996,      -0.217619413,      0.8133912699
         416,      -6.785571301,      -6.497504231,      -6.429389501,       3.327583912,       1.431253586,    -0.05267769849,        3.99635876,       3.307753367,       1.462778772,       3.672320846,       1.418858771,       3.140698665,       1.424669232,       3.197623532,       1.417455923,       3.104339341,       4.289072493,       4.171445443,       4.758837499,       3.943681062,     0.05578383142,     0.05310324865,     0.05474485035,     0.05362728585,    -0.04515156602,    -0.08571751579,    -0.08673063795,      0.2172592163,     -0.2175997198,      0.8151564366
         417,      -6.822799675,      -6.491653591,      -6.445686706,       3.328500317,       1.431296857,    -0.05281490281,          3.995653,       3.308747099,       1.462875166,        3.67416798,       1.418998478,       3.140584369,       1.424500484,       3.198567483,       1.417564488,       3.105152323,       4.289069412,       4.169368696,       4.759797175,       3.942838098,     0.05578570443,     0.05310586063,     0.05474160184,     0.05362933523,    -0.04515919098,    -0.08571962088,    -0.08670918656,      0.2172625021,     -0.2175879984,       0.816959077
         418,      -6.868516207,      -6.489907917,      -6.453900095,       3.329219451,       1.431351618,    -0.05316455547,        3.99516618,       3.309362286,       1.462990427,       3.675462888,        1.41914704,       3.141038901,       1.424342425,       3.199072154,       1.417680163,       3.105771364,       4.289752292,       4.167234377,       4.760571069,       3.942001625,     0.05578790786,     0.05310865164,     0.05473856905,      0.0536315279,    -0.04516562667,    -0.08572682176,    -0.08668739117,      0.2172666564,     -0.2175798396,      0.8185694444
         419,      -6.853193123,      -6.488940028,      -6.459357728,        3.32977305,       1.431396298,    -0.05308216682,         3.9945491,       3.309605975,       1.463085739,       3.676252161,       1.419287564,       3.142087151,       1.424181258,        3.19918764,       1.417786954,       3.106805145,       4.289795004,       4.165226871,       4.761169348,       3.941466933,      0.0557897529,     0.05311127705,     0.05473546409,     0.05363353535,    -0.04517417267,    -0.08572841643,    -0.08666702616,      0.2172700294,     -0.2175696153,      0.8197024151
         420,      -6.833316632,      -6.494004044,      -6.466955043,        3.33012976,       1.431451455,    -0.05286174325,       3.993950491,        3.30948847,       1.463197687,       3.676499572,       1.419433727,       3.143661468,       1.424035141,       3.198881708,       1.417897829,       3.107713923,       4.289697605,       4.163457968,       4.761581216,       3.941088748,     0.05579187512,      0.0531140225,     0.05473266022,     0.05363563028,    -0.04518185106,    -0.08572918004,    -0.08664898594,      0.2172741881,      -0.217560017,      0.8204924679
         421,      -6.804137556,      -6.492468813,      -6.465326578,        3.33032269,       1.431496011,    -0.05209588669,       3.993184044,       3.309023089,       1.463288989,       3.676260294,       1.419568782,       3.145770951,       1.423890004,       3.198211048,       1.417997312,       3.108518489,       4.288975123,       4.161940905,       4.761818701,       3.941088157,      0.0557936189,     0.05311654638,     0.05472986409,     0.05363749444,    -0.04518873374,    -0.08572576632,    -0.08663351048,      0.2172775238,     -0.2175480105,      0.8207305434
         422,      -6.828671712,      -6.490548382,      -6.480206237,       3.330313414,       1.431552492,    -0.05183886245,        3.99278397,       3.308213872,       1.463400023,       3.675501117,       1.419707729,       3.148324883,       1.423765004,       3.197141805,       1.418100036,       3.109089478,       4.289042696,        4.16064113,       4.761865907,       3.940945107,     0.05579570744,      0.0531191611,     0.05472746986,     0.05363943393,    -0.04519406533,    -0.08572886995,    -0.08662019939,      0.2172817723,     -0.2175431347,      0.8209207994
         423,      -6.869209763,       -6.50262284,      -6.509402284,       3.330142611,       1.431595195,    -0.05196593431,       3.992673597,       3.307071667,       1.463484791,       3.674296703,       1.419830859,       3.151330312,       1.423642292,       3.195746538,       1.418187698,       3.110057964,       4.289622103,       4.159357602,       4.761737807,       3.940707662,     0.05579734399,     0.05312146331,     0.05472510623,      0.0536410715,    -0.04520128027,    -0.08573635738,    -0.08660742966,       0.217284985,     -0.2175450673,      0.8210301445
         424,      -6.867512573,      -6.510145599,      -6.532952072,       3.329797674,       1.431643049,    -0.05208449357,       3.992667459,       3.305630281,       1.463576001,       3.672644651,       1.419951611,       3.154706914,       1.423538524,       3.194023643,       1.418272501,       3.110869185,       4.290394293,       4.158209109,       4.761440723,       3.940582966,     0.05579908679,     0.05312373232,     0.05472311599,     0.05364266377,    -0.04520734441,    -0.08574467044,    -0.08659614686,      0.2172885989,     -0.2175481617,      0.8208577574
         425,      -6.793889287,      -6.516820046,      -6.530591587,       3.329333953,       1.431674602,     -0.0516334059,       3.992453415,       3.303938908,       1.463635094,       3.670629886,       1.420053746,       3.158456521,       1.423439042,       3.192060226,        1.41833892,       3.111514652,       4.290460435,       4.157323552,       4.761008555,       3.940820009,     0.05580023484,     0.05312563594,     0.05472119444,     0.05364389147,    -0.04521220654,    -0.08574788295,    -0.08658762893,      0.2172909567,     -0.2175477184,      0.8201885456
         426,      -6.753311183,      -6.519283673,      -6.525588151,       3.328721296,       1.431716868,    -0.05103511149,       3.992262429,       3.302031336,       1.463710972,       3.668233599,       1.420155592,       3.162463669,        1.42336561,       3.189835768,       1.418404898,       3.111891045,       4.290416468,       4.156722494,       4.760438164,       3.941227318,     0.05580164988,     0.05312755452,     0.05471979064,     0.05364512811,    -0.04521526692,    -0.08575083548,    -0.08658192592,      0.2172941231,     -0.2175480283,      0.8192108468
         427,      -6.778829462,      -6.530423313,      -6.555663686,       3.328003992,       1.431744299,    -0.05094748626,       3.992440255,       3.299928821,       1.463758823,       3.665542888,       1.420237444,       3.166718196,       1.423299172,       3.187431599,       1.418452742,       3.112643247,       4.290847848,       4.156381812,       4.759748291,       3.941492768,     0.05580256269,     0.05312908373,     0.05471850909,     0.05364600702,    -0.04522005073,    -0.08575713279,    -0.08657893617,      0.2172961625,     -0.2175561197,      0.8182555228
         428,      -6.822105977,      -6.545859428,      -6.558902224,        3.32717029,       1.431776577,    -0.05138217873,       3.992957863,       3.297668588,       1.463813031,       3.662566747,       1.420313575,         3.1711231,       1.423255739,       3.184851527,       1.418495771,       3.113213217,       4.292071139,       4.156167161,       4.758946867,       3.941575684,     0.05580357064,     0.05313051849,     0.05471768009,     0.05364680586,    -0.04522351565,    -0.08576991187,    -0.08657733688,      0.2172985751,     -0.2175707644,      0.8173711833
         429,      -6.831023885,      -6.556750278,      -6.574220517,       3.326271262,       1.431793215,    -0.05145325268,       3.993388652,       3.295292746,       1.463836824,       3.659395375,       1.420368891,       3.175665947,       1.423220168,        3.18218173,       1.418519856,       3.113583507,       4.292926631,       4.156195775,       4.758064477,         3.9419354,     0.05580402265,     0.05313154849,     0.05471699004,     0.05364723218,     -0.0452255614,     -0.0857791679,    -0.08657829423,      0.2172997934,     -0.2175830235,      0.8161290776
         430,      -6.767860216,      -6.573543585,      -6.559744864,       3.325294487,       1.431815364,    -0.05111721111,       3.993681633,        3.29284442,       1.463868004,       3.656036646,       1.420418489,        3.18024359,        1.42320886,       3.179424495,       1.418539473,       3.113663643,       4.293406047,       4.156390486,       4.757109851,       3.942564422,     0.05580457777,     0.05313248554,      0.0547167783,      0.0536475868,    -0.04522570051,    -0.08578526492,    -0.08658097911,      0.2173014284,     -0.2175919445,      0.8145454292
         431,      -6.738825458,      -6.573360819,       -6.53609068,       3.324601417,       1.431768604,    -0.05079269264,       3.993748239,       3.291120946,       1.463746951,       3.653667493,       1.420262469,       3.183452258,       1.423432895,       3.177504384,       1.418402821,       3.114018461,       4.293161418,       4.156625418,       4.756370021,       3.942955546,     0.05580219913,     0.05312955863,     0.05472108263,      0.0536449751,    -0.04522731745,     -0.0857853772,    -0.08658392472,      0.2172978155,     -0.2175966194,      0.8134144749
         432,      -6.830466278,      -6.636871306,      -6.606031722,       3.324149898,       1.431722976,     -0.0511119385,       3.993982349,       3.290040967,       1.463628983,        3.65215638,        1.42009516,       3.185443894,       1.423671447,       3.176286056,       1.418263808,       3.114224146,       4.293453931,       4.156808717,       4.755872875,        3.94287041,     0.05579987076,     0.05312643525,     0.05472567084,     0.05364233653,     -0.0452281873,    -0.08578899818,    -0.08658610929,      0.2172943134,     -0.2176032948,      0.8130024648
         433,      -6.953594363,       -6.73206193,      -6.740441901,       3.323886144,       1.431686648,     -0.0513746751,       3.994173777,       3.289406759,       1.463539641,       3.651276649,       1.419969538,       3.186604923,        1.42384124,       3.175580312,       1.418161291,       3.114293471,       4.293760387,       4.156938312,       4.755572792,       3.942799102,     0.05579811719,     0.05312408732,      0.0547289311,     0.05364038979,    -0.04522840611,    -0.08579220102,    -0.08658759275,      0.2172915254,     -0.2176081999,      0.8127736893
         434,       -7.01373059,      -6.777490021,      -6.790184988,       3.323528532,       1.431656729,    -0.05185701879,       3.994542317,         3.2885522,        1.46346517,       3.650096801,       1.419862092,       3.188143018,       1.423991144,       3.174633544,       1.418071432,       3.114458245,       4.294328936,       4.157197012,       4.755185261,       3.942685298,     0.05579664669,     0.05312208209,     0.05473180783,     0.05363867932,    -0.04522901046,    -0.08579769577,    -0.08659037149,      0.2172892159,     -0.2176170777,      0.8124999627
         435,       -7.01688445,      -6.789434165,      -6.796133304,       3.323046652,       1.431659435,    -0.05222841824,       3.995035528,       3.287403323,        1.46346768,       3.648525932,       1.419865023,       3.190148129,        1.42400246,       3.173386156,       1.418065321,       3.114603491,       4.295054595,       4.157612547,       4.754706087,       3.942807109,     0.05579668775,     0.05312214042,     0.05473202255,     0.05363854645,    -0.04522927043,    -0.08580447514,    -0.08659477277,      0.2172893972,     -0.2176285183,      0.8118989776
         436,       -7.01590454,       -6.82832253,      -6.810003266,       3.322280448,       1.431730145,    -0.05210898183,       3.995641984,       3.285617267,        1.46362024,       3.646014331,       1.420101889,       3.193228119,       1.423732493,        3.17145648,       1.418233154,       3.114695135,        4.29579552,       4.158310546,       4.754010593,       3.943533002,     0.05579967866,     0.05312657651,     0.05472683274,     0.05364169895,    -0.04522867953,    -0.08581146128,    -0.08660216213,      0.2172947869,     -0.2176423029,      0.8104775912
         437,      -6.981290356,      -6.844868503,      -6.776496749,       3.321383577,       1.431784075,    -0.05181545822,       3.996195201,        3.28360522,       1.463728177,       3.643063641,        1.42028602,       3.196729459,       1.423533386,       3.169245218,       1.418359596,       3.114655025,       4.296362016,       4.159107058,       4.753167651,       3.944379743,     0.05580178497,     0.05313001845,     0.05472301108,     0.05364406079,    -0.04522705818,    -0.08581744672,    -0.08661075627,      0.2172988753,     -0.2176552612,      0.8087879087
         438,      -7.008328028,      -6.806317303,      -6.750381691,       3.320399608,       1.431815078,    -0.05193331029,        3.99698708,       3.281480244,       1.463781102,       3.639828781,        1.42038581,       3.200445822,        1.42344537,       3.166871686,       1.418420905,       3.114591441,       4.297223411,       4.160205987,       4.752214686,        3.94505377,     0.05580277968,     0.05313188342,     0.05472132421,     0.05364519255,    -0.04522503602,    -0.08582563707,    -0.08662231851,      0.2173011799,     -0.2176729916,      0.8071609162
         439,       -7.01865813,      -6.787347094,      -6.710992141,       3.319377007,       1.431827568,    -0.05159879757,        3.99760207,       3.279344194,       1.463792351,       3.636498463,       1.420416747,       3.204137309,       1.423445711,       3.164481394,       1.418428865,       3.114428534,       4.297648501,        4.16134969,       4.751204575,       3.946003272,     0.05580294638,     0.05313246167,     0.05472133421,     0.05364532009,    -0.04522224965,    -0.08582972388,    -0.08663449104,      0.2173020624,     -0.2176864646,      0.8052013023
         440,      -7.040015448,      -6.772565546,      -6.694276642,       3.318355663,       1.431826946,    -0.05166263769,       3.998395809,       3.277269638,       1.463776153,       3.633217011,       1.420402764,       3.207634821,       1.423500051,       3.162186514,       1.418401803,       3.114235168,       4.298301191,       4.162718171,       4.750182609,       3.946733172,     0.05580258569,     0.05313219905,     0.05472238073,     0.05364479017,    -0.04521909593,    -0.08583578154,    -0.08664877911,      0.2173019556,     -0.2177036566,      0.8034494374
         441,      -7.054607953,      -6.764136233,      -6.680188076,       3.317367362,       1.431817154,     -0.0514626774,       3.999067344,        3.27531221,       1.463741966,       3.630080407,       1.420361551,       3.210838813,        1.42358348,       3.160062029,       1.418353679,       3.113888733,       4.298728153,        4.16407927,       4.749184516,       3.947604666,     0.05580188722,     0.05313142603,     0.05472398537,      0.0536438666,     -0.0452149573,    -0.08583994371,     -0.0866631064,      0.2173011652,     -0.2177180074,      0.8015798497
         442,      -7.087148023,      -6.751926547,      -6.674176235,       3.316435365,       1.431801376,    -0.05162946306,       3.999892024,       3.273516698,       1.463696582,       3.627151294,       1.420303342,       3.213688474,       1.423683076,       3.158154383,       1.418293336,       3.113535427,       4.299538472,       4.165436634,       4.748236741,       3.948262561,     0.05580097681,     0.05313033544,     0.05472590097,     0.05364271698,    -0.04521064784,    -0.08584707822,    -0.08667744552,      0.2172999302,     -0.2177351716,      0.7999741797
         443,      -7.075245563,      -6.741245143,      -6.666901258,       3.315576907,       1.431781251,    -0.05146136218,       4.000564412,       3.271916341,       1.463643376,       3.624476376,       1.420232744,       3.216143528,       1.423792691,       3.156493211,       1.418225587,       3.113013788,       4.299937051,       4.166908537,       4.747358158,        3.94910305,     0.05579991801,     0.05312901394,     0.05472800959,     0.05364143155,    -0.04520534283,    -0.08585013255,    -0.08669286903,      0.2172983731,     -0.2177483444,      0.7982551086
         444,       -7.01960945,      -6.730151671,      -6.654245899,       3.314805884,       1.431757452,    -0.05148610851,       4.001266338,       3.270535379,        1.46358342,       3.622095304,       1.420151814,       3.218176049,       1.423909271,       3.155098656,       1.418153116,       3.112540279,       4.300345016,       4.168419932,       4.746563335,        3.94978023,     0.05579873382,     0.05312749934,      0.0547302517,     0.05364005977,     -0.0452002249,    -0.08585354088,    -0.08670860071,      0.2172965446,     -0.2177623665,      0.7967831057
         445,      -6.961748862,      -6.717063868,      -6.634517312,       3.314131819,       1.431731071,    -0.05119280194,       4.001791145,       3.269390962,       1.463518114,        3.62004012,       1.420062562,       3.219764039,       1.424031541,       3.153982133,       1.418078199,       3.111892984,       4.300289961,       4.170036996,        4.74586289,       3.950598343,      0.0557974524,     0.05312582875,     0.05473260252,     0.05363864405,    -0.04519414442,    -0.08585302628,    -0.08672522484,      0.2172945277,     -0.2177723955,      0.7952645469
         446,      -7.034823042,      -6.701729081,      -6.658424034,       3.313557778,       1.431703832,    -0.05144442176,        4.00251891,       3.268491945,       1.463449937,       3.618332433,       1.419967599,       3.220887797,       1.424158997,       3.153145511,       1.418003154,       3.111317316,       4.300805584,       4.171551325,       4.745261609,       3.951074488,     0.05579612169,     0.05312405123,     0.05473505272,     0.05363722834,    -0.04518843001,    -0.08585698899,    -0.08674079033,       0.217292454,     -0.2177862093,      0.7941871211
         447,      -7.194034334,      -6.703605491,      -6.669238766,       3.313078708,       1.431677854,    -0.05182283428,       4.003289505,       3.267836267,       1.463382359,       3.616981264,       1.419870008,        3.22152878,       1.424291219,       3.152580414,       1.417930314,       3.110589629,       4.301505932,       4.173057845,       4.744756562,       3.951466671,     0.05579481065,     0.05312222517,     0.05473759511,     0.05363585747,    -0.04518192811,    -0.08586196457,    -0.08675618437,      0.2172904884,     -0.2178000771,      0.7932898913
         448,      -7.083095096,      -6.700959271,      -6.682122971,       3.312692262,       1.431652315,    -0.05179518151,       4.003781913,       3.267419204,       1.463313818,       3.615993459,       1.419770998,       3.221681628,       1.424425286,       3.152280824,       1.417859764,       3.109921673,       4.301642072,       4.174417031,       4.744344578,       3.951986731,     0.05579349261,     0.05312037065,     0.05474017156,     0.05363453058,    -0.04517579135,    -0.08586183579,    -0.08677008453,      0.2172885654,     -0.2178077117,      0.7923578465
         449,      -7.023307496,      -6.698725237,      -6.673915587,       3.312391501,       1.431628941,    -0.05175825163,       4.004195214,       3.267235022,       1.463247837,       3.615363301,       1.419673485,       3.221343877,       1.424560021,       3.152232691,        1.41779313,       3.109188401,       4.301650929,       4.175737412,       4.744020442,       3.952436962,      0.0557922252,      0.0531185441,     0.05474276102,     0.05363327989,    -0.04516941317,    -0.08586118038,    -0.08678350801,      0.2172868102,     -0.2178141016,      0.7915834794
         450,      -7.128591245,      -6.690180955,      -6.703090118,        3.31217281,       1.431606733,    -0.05216882847,       4.004751305,       3.267275538,       1.463183768,       3.615084562,       1.419577961,        3.22052689,        1.42469193,       3.152424399,       1.417730121,       3.108482376,       4.302082546,       4.176975987,       4.743779543,       3.952582477,     0.05579099311,     0.05311675349,     0.05474529538,     0.05363209849,    -0.04516329306,    -0.08586398567,     -0.0867959855,      0.2172851405,     -0.2178232642,      0.7911970663
         451,      -7.137015998,      -6.703910337,      -6.718001178,       3.312020915,       1.431588889,    -0.05239947211,       4.005187214,       3.267520508,       1.463128997,       3.615135208,       1.419487348,        3.21923931,       1.424820653,       3.152828174,       1.417673426,       3.107779715,       4.302303716,        4.17813172,       4.743609804,       3.952787742,     0.05578993553,     0.05311505832,     0.05474777162,     0.05363104128,    -0.04515734982,    -0.08586416533,     -0.0868075211,      0.2172838068,     -0.2178290362,      0.7908220622
         452,      -7.030366469,      -6.708235413,      -6.711895011,       3.311942966,       1.431568564,    -0.05243512552,       4.005439475,       3.267955291,       1.463072441,       3.615517397,       1.419397461,       3.217524622,       1.424938504,       3.153441596,       1.417618897,          3.107079,       4.302236181,       4.179125308,        4.74351153,        3.95300435,     0.05578885678,      0.0531133719,     0.05475003494,      0.0536300221,    -0.04515158036,    -0.08586164087,    -0.08681734555,      0.2172822857,     -0.2178305668,      0.7905071804
         453,      -7.066045982,      -6.714692592,      -6.730621388,       3.311929208,       1.431551428,    -0.05251717722,       4.005653749,       3.268565562,       1.463025003,       3.616206717,       1.419313041,        3.21541029,       1.425047971,       3.154236228,       1.417570867,       3.106437007,       4.302156891,       4.180012008,       4.743480636,       3.953136571,     0.05578794789,     0.05311179174,     0.05475214033,     0.05362913066,    -0.04514633576,    -0.08585916182,    -0.08682599689,      0.2172810106,     -0.2178314945,      0.7903440649
         454,      -7.011714981,      -6.722065074,      -6.732103459,       3.311996059,       1.431529422,    -0.05228715734,       4.005608954,       3.269344464,       1.462972699,       3.617208827,       1.419228976,       3.212959355,       1.425141439,       3.155215599,       1.417524152,       3.105779186,       4.301597232,       4.180747685,        4.74352548,       3.953321796,     0.05578695542,     0.05311021175,     0.05475393288,      0.0536282592,    -0.04514122123,    -0.08585334762,    -0.08683304923,      0.2172793592,     -0.2178276181,      0.7902036841
         455,      -7.018332438,      -6.718888658,       -6.76006627,       3.312122499,       1.431513924,    -0.05259372599,       4.005776736,       3.270272302,       1.462936207,       3.618480467,       1.419153954,       3.210195012,        1.42522659,       3.156334292,       1.417486782,       3.105224416,       4.301687707,       4.181314633,       4.743636423,        3.95318301,     0.05578625122,     0.05310881005,     0.05475557295,     0.05362757345,    -0.04513689635,    -0.08585253237,    -0.08683840194,      0.2172782077,     -0.2178278307,      0.7904534132
         456,      -7.028042435,      -6.732663125,       -6.78318223,       3.312330282,       1.431491332,    -0.05272358679,       4.005783183,       3.271336469,       1.462890903,       3.620032035,       1.419079056,       3.207194962,       1.425292332,        3.15760365,       1.417449563,       3.104640162,       4.301590518,       4.181687802,       4.743821615,       3.953059596,      0.0557854011,     0.05310740063,      0.0547568318,     0.05362688204,    -0.04513265807,    -0.08585015506,    -0.08684180324,      0.2172765156,     -0.2178246164,      0.7907620183
         457,      -7.006705886,      -6.750113341,      -6.805482618,       3.312587346,       1.431478452,     -0.0529125789,        4.00576678,       3.272512737,       1.462866298,       3.621801351,       1.419017226,       3.203974587,       1.425351318,       3.158964906,        1.41742399,       3.104197173,       4.301514981,       4.181922738,       4.744065798,       3.952854201,     0.05578493409,     0.05310624833,     0.05475797097,     0.05362642264,    -0.04512942262,    -0.08584758557,    -0.08684376617,       0.217275576,     -0.2178207744,      0.7912115974
         458,      -6.955696931,      -6.768994394,      -6.765517546,       3.312930167,       1.431454107,    -0.05233047864,          4.005283,       3.273796047,       1.462823656,        3.62381145,       1.418954333,       3.200629741,       1.425387273,       3.160449996,       1.417395394,       3.103711676,       4.300436485,       4.182029146,       4.744384273,       3.952952522,     0.05578415676,     0.05310505924,     0.05475865375,     0.05362589085,    -0.04512623491,    -0.08583707061,    -0.08684437625,      0.2172737606,     -0.2178076818,      0.7914317518
         459,       -6.96188731,      -6.765187887,      -6.738404572,       3.313312924,       1.431444279,    -0.05214093291,       4.004939456,       3.275166883,       1.462809004,       3.625974525,       1.418909728,       3.197158394,       1.425420217,       3.161982738,       1.417381327,       3.103393325,       4.299737536,       4.182027286,       4.744757203,       3.952798523,     0.05578388045,     0.05310423086,     0.05475929361,     0.05362565043,    -0.04512419392,    -0.08583013341,    -0.08684382146,      0.2172730553,     -0.2177981488,      0.7919586804
         460,      -6.910902377,      -6.793010809,      -6.740461823,       3.313763965,       1.431424475,    -0.05180287299,       4.004454003,       3.276603518,       1.462778779,       3.628306437,       1.418865878,       3.193652218,       1.425431086,       3.163590924,       1.417364915,       3.103023116,       4.298805105,       4.181933725,        4.74518844,        3.95265113,     0.05578334867,     0.05310340039,     0.05475949616,     0.05362535038,    -0.04512213811,    -0.08582182411,    -0.08684226131,      0.2172715956,     -0.2177862235,      0.7925373104
         461,      -6.916746467,      -6.789432422,      -6.764856318,       3.314241908,       1.431417648,    -0.05234521351,       4.004361977,       3.278084918,       1.462773459,       3.630723974,       1.418839884,       3.190116141,       1.425437707,       3.165206219,       1.417361708,       3.102840686,       4.298984219,       4.181618227,       4.745659557,       3.952016764,     0.05578326903,     0.05310291968,     0.05475962941,     0.05362531359,    -0.04512133756,    -0.08582231811,    -0.08683858974,      0.2172711317,     -0.2177822454,      0.7936427928
         462,      -6.962385795,      -6.788826397,      -6.769634968,       3.314781533,       1.431399644,    -0.05275676382,       4.004149412,       3.279600811,       1.462749821,       3.633246371,       1.418814407,       3.186645187,       1.425421735,       3.166863801,       1.417354937,       3.102595476,       4.299032121,       4.181168326,       4.746181177,       3.951392648,     0.05578287341,     0.05310243088,      0.0547593139,     0.05362519208,    -0.04512046016,    -0.08582171964,    -0.08683358644,      0.2172698103,     -0.2177757662,      0.7947885296
         463,      -6.951461295,      -6.807355386,      -6.808182131,       3.315329564,       1.431398279,    -0.05285578442,       4.003774737,       3.281125798,       1.462757803,       3.635775701,       1.418809279,       3.183229104,       1.425404713,       3.168481882,       1.417363457,       3.102550781,       4.298727121,       4.180585275,       4.746727842,       3.950918953,     0.05578304349,     0.05310234343,     0.05475899465,     0.05362537707,    -0.04512088052,    -0.08581738064,    -0.08682727655,      0.2172697586,     -0.2177655377,      0.7958088897
         464,      -6.859781989,      -6.823713831,      -6.733383016,       3.315925518,       1.431383841,    -0.05236311799,       4.003046903,       3.282643668,       1.462744621,       3.638341584,       1.418802706,        3.17996873,       1.425364036,       3.170104827,        1.41736673,       3.102431727,        4.29769782,       4.179888863,        4.74730936,       3.950683785,     0.05578284963,     0.05310220834,     0.05475820385,     0.05362544241,    -0.04512113584,    -0.08580793221,    -0.08681985781,      0.2172687042,     -0.2177489259,      0.7966255748
         465,      -6.852640695,      -6.789934935,       -6.70558063,       3.316527279,       1.431383544,    -0.05221552559,       4.002469163,       3.284144315,       1.462758415,       3.640857067,        1.41881446,       3.176859482,       1.425321346,       3.171663443,       1.417383015,       3.102520053,        4.29698219,       4.179154231,       4.747910823,       3.950253637,     0.05578311934,     0.05310243385,     0.05475738813,     0.05362576812,    -0.04512271862,     -0.0858018414,    -0.08681203556,      0.2172687094,     -0.2177365956,      0.7976571857
         466,      -6.851815845,        -6.8035352,      -6.735051956,       3.317155943,       1.431375781,     -0.0523233965,       4.002014871,       3.285604759,       1.462761358,       3.643331137,       1.418827989,       3.173977048,       1.425260455,       3.173180799,       1.417397229,       3.102525183,         4.2966639,       4.178368518,       4.748531724,       3.949691474,     0.05578320015,     0.05310267964,     0.05475621207,     0.05362604072,    -0.04512403281,    -0.08579852902,    -0.08680369875,      0.2172681326,     -0.2177262606,      0.7988402495
         467,      -6.953380628,      -6.783771835,      -6.702910287,       3.317764181,       1.431382241,    -0.05307963084,       4.001867141,        3.28699312,       1.462792136,       3.645681865,        1.41885853,       3.171312549,        1.42519868,       3.174588717,       1.417424015,       3.102739612,       4.297115625,       4.177474849,       4.749146422,       3.948787511,     0.05578378382,     0.05310326076,     0.05475503245,     0.05362656459,    -0.04512662617,     -0.0858017389,    -0.08679435997,      0.2172686416,      -0.217722725,      0.8003589114
         468,      -6.924659677,      -6.792005138,      -6.718986437,        3.31838738,       1.431376985,    -0.05283116294,       4.001241737,       3.288294849,       1.462803783,       3.647937904,       1.418887152,       3.168951433,       1.425117282,       3.175929889,       1.417445263,       3.102857296,       4.296551701,       4.176466929,       4.749764365,       3.948410574,     0.05578404189,     0.05310378742,     0.05475346034,     0.05362696492,     -0.0451288291,    -0.08579561854,    -0.08678396456,      0.2172682546,     -0.2177084122,      0.8013537908
         469,      -6.811615276,      -6.769757325,      -6.646608129,       3.318985802,        1.43138481,    -0.05256761557,       4.000593607,       3.289500613,       1.462839685,       3.650022726,       1.418931662,       3.166878392,       1.425036835,       3.177144681,       1.417477454,       3.103183068,       4.295829212,       4.175465165,       4.750370612,       3.948025992,      0.0557847256,     0.05310462779,     0.05475191949,     0.05362758535,    -0.04513227236,    -0.08578890968,    -0.08677360946,      0.2172688582,     -0.2176947915,      0.8023446204
         470,      -6.784503555,      -6.727701496,      -6.592119902,       3.319416421,       1.431411307,    -0.05184763461,       3.999972469,       3.290305199,       1.462902609,       3.651437173,       1.419050647,       3.165567624,        1.42489404,       3.177972443,       1.417547103,       3.103292586,        4.29491884,       4.174807024,       4.750827728,       3.948124834,      0.0557859644,     0.05310685118,     0.05474916969,     0.05362890166,    -0.04513411486,    -0.08578181382,    -0.08676670444,      0.2172708869,     -0.2176826331,      0.8027028938
         471,      -6.884660038,      -6.751108869,      -6.645031005,       3.319676782,       1.431445262,    -0.05192986156,       3.999845373,       3.290801275,       1.462970927,       3.652285789,       1.419165338,       3.164775414,       1.424781835,       3.178464159,       1.417614353,       3.103460268,       4.294908168,       4.174437426,       4.751122044,       3.947915511,     0.05578729082,     0.05310900356,      0.0547470192,     0.05363018058,    -0.04513585489,    -0.08578181844,    -0.08676274012,      0.2172734942,     -0.2176804134,      0.8032065326
         472,      -7.059324668,      -6.837963278,      -6.755178132,       3.319829667,       1.431467323,    -0.05215547239,       3.999867267,       3.291081902,       1.463015082,       3.652775246,       1.419242298,       3.164332684,       1.424706082,       3.178748403,        1.41765877,       3.103572915,       4.295101316,        4.17425298,        4.75129699,       3.947711795,     0.05578815356,     0.05311044253,     0.05474556484,     0.05363102089,    -0.04513696907,    -0.08578341965,    -0.08676068683,      0.2172751818,     -0.2176810756,      0.8035851946
         473,       -7.17260536,      -6.864059286,      -6.787177217,       3.320028346,       1.431487079,    -0.05253223782,       3.999938161,       3.291441891,       1.463055946,       3.653398964,       1.419314225,       3.163785713,        1.42463209,       3.179109524,       1.417700457,       3.103721465,       4.295521407,       4.173949097,       4.751515425,       3.947405924,     0.05578895261,     0.05311178702,      0.0547441452,     0.05363180912,    -0.04513849785,     -0.0857867935,    -0.08675740141,       0.217276694,     -0.2176826928,      0.8041095018
         474,      -7.199827671,      -6.848852604,      -6.786557696,       3.320284459,       1.431488846,    -0.05308756705,       3.999986959,       3.291883993,       1.463067487,       3.654154292,       1.419335661,       3.163188406,       1.424593864,       3.179545025,       1.417713328,       3.103949255,       4.295986925,       4.173512558,       4.751773305,       3.946899392,     0.05578916975,      0.0531121857,     0.05474341026,      0.0536320502,    -0.04514069211,    -0.08579032587,    -0.08675278277,      0.2172768159,     -0.2176838007,       0.804873913
         475,      -7.076692359,      -6.856473714,      -6.786221032,       3.320672853,       1.431455634,    -0.05339175375,       3.999682884,       3.292483732,        1.46303033,       3.655175571,       1.419268018,       3.162559731,       1.424603417,       3.180131087,       1.417674658,       3.104258545,       4.295921088,       4.172705925,       4.752128486,        3.94629113,     0.05578841251,     0.05311091496,     0.05474358992,     0.05363131178,    -0.04514373059,    -0.08578896084,    -0.08674467452,      0.2172742292,      -0.217677366,      0.8058373563
         476,      -6.849279746,      -6.846932088,      -6.688012524,       3.321116775,       1.431431366,    -0.05299352755,       3.999025529,       3.293096961,       1.463010979,       3.656223996,       1.419227572,       3.162090268,       1.424589615,        3.18073508,       1.417650542,       3.104609418,       4.294989654,       4.171873904,       4.752548141,       3.946032001,     0.05578798502,     0.05311015829,     0.05474331977,      0.0536308504,    -0.04514714936,    -0.08578108032,    -0.08673622397,      0.2172723135,     -0.2176644536,      0.8065161401
         477,      -6.815606091,      -6.780160871,      -6.646296287,       3.321444818,        1.43144628,    -0.05222210138,       3.998422127,       3.293529189,       1.463038923,       3.656956671,        1.41927018,       3.161820543,       1.424555596,        3.18115868,       1.417674343,       3.104845711,       4.294092254,       4.171186391,       4.752891098,       3.946200025,     0.05578848676,     0.05311096187,     0.05474266604,     0.05363130112,     -0.0451496155,    -0.08577434354,    -0.08672928156,      0.2172734158,     -0.2176532406,       0.806691073
         478,         -6.917947,      -6.793400161,      -6.716631517,        3.32165281,       1.431468256,    -0.05225650086,       3.998298803,       3.293797857,       1.463072072,       3.657409613,       1.419323184,       3.161670996,       1.424528259,       3.181419934,        1.41770424,       3.105010606,       4.294078305,       4.170829287,       4.753121066,       3.946042302,     0.05578910902,     0.05311195801,     0.05474214272,     0.05363186733,    -0.04515130974,    -0.08577448587,    -0.08672552832,      0.2172750771,     -0.2176513239,      0.8070787637
         479,      -7.095700907,      -6.832956366,      -6.749078575,       3.321773002,       1.431485257,    -0.05241426395,       3.998304976,       3.293950841,        1.46309625,       3.657668978,       1.419362507,       3.161590282,       1.424511224,       3.181568998,        1.41772637,       3.105098355,        4.29429703,       4.170590865,       4.753258259,       3.945890712,     0.05578957085,     0.05311269561,     0.05474181684,     0.05363228566,    -0.04515227477,    -0.08577645642,    -0.08672307045,       0.217276369,     -0.2176518016,      0.8073675468
         480,       -7.17546239,       -6.81621238,      -6.753526013,       3.321929792,       1.431500552,    -0.05270029877,       3.998357697,       3.294140655,       1.463120356,        3.65799697,        1.41940056,       3.161514235,       1.424489565,       3.181755121,       1.417747619,       3.105248382,        4.29469376,       4.170263331,       4.753430344,       3.945657398,     0.05579003019,     0.05311340872,     0.05474140202,     0.05363268516,    -0.04515378302,    -0.08577986465,    -0.08671965244,      0.2172775261,     -0.2176533001,      0.8077729461
         481,      -7.230721533,      -6.806597511,      -6.769508657,       3.322129669,       1.431502675,     -0.0531096425,       3.998393485,       3.294354343,       1.463132865,       3.658374357,       1.419417388,       3.161514073,       1.424459863,       3.181965885,       1.417756759,       3.105480828,        4.29519962,        4.16974983,       4.753632344,       3.945283842,     0.05579026185,     0.05311372378,     0.05474083106,     0.05363285282,    -0.04515595555,    -0.08578412129,    -0.08671444723,      0.2172776695,     -0.2176545241,      0.8083485014
         482,      -7.051258079,      -6.822534239,       -6.77658684,       3.322425487,       1.431478828,    -0.05320924033,       3.998126933,       3.294590017,       1.463128207,       3.658795516,       1.419406895,       3.161805344,        1.42438679,       3.182201385,       1.417749766,       3.105855978,       4.295093216,       4.169043257,       4.753904315,       3.944917692,     0.05579015648,     0.05311352499,     0.05473942307,     0.05363271053,    -0.04515924796,    -0.08578273841,    -0.08670736636,      0.2172758151,     -0.2176493527,      0.8089866229
         483,      -6.854520306,      -6.812747227,      -6.683243698,       3.322751027,       1.431463034,    -0.05269133186,       3.997557208,       3.294776428,       1.463131848,       3.659121049,       1.419417035,        3.16240396,       1.424305911,        3.18238733,       1.417754319,       3.106263917,       4.294284098,       4.168274998,        4.75421406,       3.944865876,     0.05579021326,      0.0531137138,     0.05473786501,     0.05363278656,    -0.04516282716,    -0.08577631683,    -0.08669972359,      0.2172745786,     -0.2176388676,      0.8093481839
         484,      -6.810677519,      -6.772483939,      -6.651933085,       3.322985178,       1.431475479,    -0.05207830354,       3.997089441,       3.294890979,       1.463146272,       3.659308413,       1.419442209,       3.162926375,       1.424302476,        3.18249568,       1.417768317,       3.106552981,       4.293467939,       4.167813245,       4.754460658,       3.945011138,     0.05579047785,     0.05311418804,     0.05473779995,     0.05363304722,    -0.04516544408,    -0.08577066406,    -0.08669496482,      0.2172755131,      -0.217631073,        0.80944952
         485,       -6.92892432,      -6.784856309,      -6.747072032,       3.323130612,       1.431492329,    -0.05210290621,       3.997002898,       3.294954734,       1.463159375,       3.659406435,       1.419462481,       3.163288418,       1.424325195,       3.182551559,       1.417779738,       3.106730313,       4.293541225,        4.16745119,       4.754622941,       3.944899992,     0.05579072364,     0.05311457044,     0.05473823807,     0.05363326158,    -0.04516710624,    -0.08577187643,    -0.08669132212,      0.2172767937,     -0.2176303048,      0.8097229491
         486,      -7.102369666,      -6.824464623,      -6.780962715,        3.32321293,       1.431505047,    -0.05232630432,        3.99704925,       3.294986555,       1.463167849,       3.659454791,       1.419474927,       3.163509957,       1.424348202,       3.182578222,       1.417786686,       3.106831056,       4.293782259,       4.167282077,       4.754717976,       3.944722946,     0.05579088707,     0.05311480513,     0.05473868092,     0.05363339195,    -0.04516807438,    -0.08577418995,    -0.08668955589,      0.2172777651,     -0.2176318202,      0.8099950304
         487,       -7.18484618,       -6.80974873,      -6.784080283,       3.323317068,       1.431517266,    -0.05262190943,       3.997143249,       3.295011047,       1.463179077,        3.65949326,       1.419490922,       3.163843009,       1.424361009,       3.182596009,       1.417795613,       3.106991706,       4.294232092,       4.166995852,       4.754834334,        3.94452134,     0.05579110535,     0.05311510609,     0.05473892725,     0.05363355784,    -0.04516953154,    -0.08577830282,     -0.0866866404,      0.2172786965,     -0.2176344748,       0.810312994
         488,      -7.237755393,      -6.803104373,      -6.801693261,       3.323440232,       1.431521819,    -0.05304221403,       3.997261488,       3.294996916,       1.463193461,       3.659471186,       1.419512829,       3.164385525,       1.424330916,       3.182574294,       1.417808019,       3.107234484,       4.294802073,       4.166613311,       4.754962051,       3.944219274,     0.05579138848,     0.05311551692,     0.05473834838,     0.05363378705,     -0.0451715808,    -0.08578338837,    -0.08668278182,      0.2172790408,      -0.217637751,      0.8107427776
         489,      -7.050673689,      -6.824995455,      -6.813021219,       3.323594968,       1.431514063,    -0.05300711479,       3.997105123,       3.294866441,       1.463220982,       3.659234678,       1.419566487,       3.165493082,       1.424190091,        3.18242824,       1.417838233,       3.107601771,       4.294806974,       4.166065269,       4.755109031,       3.944098009,     0.05579193167,     0.05311652008,     0.05473563895,     0.05363434914,    -0.04517450167,    -0.08578328546,    -0.08667740984,      0.2172784398,      -0.217635197,      0.8110110226
         490,      -6.861958849,      -6.825520477,      -6.717839363,       3.323734576,       1.431512703,    -0.05250235163,       3.996722535,       3.294629159,       1.463248192,       3.658777654,       1.419625877,       3.166982318,       1.424067034,       3.182161474,       1.417870944,       3.107986719,       4.294147112,       4.165613684,       4.755247279,       3.944220183,     0.05579246303,     0.05311763016,     0.05473327233,     0.05363495827,    -0.04517754076,    -0.08577841582,    -0.08667292302,      0.2172783238,     -0.2176288796,      0.8110270954
         491,      -6.815163517,      -6.790639482,      -6.686132642,       3.323822091,       1.431521265,    -0.05184494211,       3.996328747,       3.294431598,        1.46324954,       3.658380178,       1.419628313,       3.168143229,       1.424096721,       3.181931868,       1.417871601,       3.108254717,       4.293439701,       4.165230362,       4.755343355,       3.944483805,     0.05579247686,     0.05311767699,     0.05473384498,     0.05363496638,     -0.0451797134,    -0.08577390904,     -0.0866691663,      0.2172789652,     -0.2176227887,      0.8108595504
         492,      -6.929982147,      -6.808929808,      -6.796271493,       3.323869864,       1.431529747,    -0.05198163989,        3.99633314,       3.294294365,       1.463242662,       3.658099876,       1.419611505,       3.168909196,       1.424163617,       3.181769175,       1.417861642,       3.108420214,       4.293557414,       4.165050316,       4.755399612,         3.9443515,     0.05579233305,     0.05311736492,     0.05473513176,     0.05363477658,    -0.04518108199,    -0.08577563647,    -0.08666732047,      0.2172796063,     -0.2176240389,      0.8110481114
         493,      -7.095846938,      -6.857555176,      -6.842046411,       3.323893473,       1.431535393,    -0.05219851979,       3.996407708,       3.294207536,       1.463235307,        3.65792451,       1.419594285,       3.169366583,       1.424220222,       3.181666579,       1.417851567,       3.108513285,       4.293831807,       4.164918758,       4.755428866,       3.944209188,     0.05579218703,     0.05311704472,     0.05473621954,     0.05363458546,    -0.04518186538,    -0.08577833999,    -0.08666601274,      0.2172800368,     -0.2176262181,      0.8112196775
         494,      -7.166040771,      -6.843240308,      -6.845698526,       3.323915679,       1.431542286,    -0.05253831343,       3.996566004,       3.294070648,       1.463233254,       3.657659637,       1.419585128,       3.170008852,       1.424263999,       3.181508952,       1.417846091,        3.10865987,       4.294320614,       4.164755494,       4.755457965,       3.944027691,     0.05579214463,     0.05311687582,     0.05473706011,     0.05363448019,    -0.04518303212,    -0.08578291155,    -0.08666435676,      0.2172805608,     -0.2176303004,      0.8114302743
         495,      -7.207413678,      -6.840879807,      -6.867533224,       3.323922029,       1.431549711,    -0.05292065988,       3.996759342,       3.293837705,        1.46324862,       3.657229586,       1.419609146,       3.170937042,       1.424241317,       3.181252406,       1.417859477,       3.108874475,       4.294944672,       4.164512715,        4.75547174,       3.943838682,     0.05579244644,     0.05311732674,     0.05473662348,     0.05363472949,    -0.04518462048,    -0.08578860065,    -0.08666197402,      0.2172811262,     -0.2176351951,      0.8116330586
         496,      -7.042359289,      -6.872562895,      -6.884030373,       3.323879702,       1.431562141,    -0.05281683743,       3.996760033,       3.293368908,       1.463304692,        3.65635376,       1.419720354,       3.172576016,        1.42406466,       3.180744565,       1.417921283,       3.109180431,       4.295057712,       4.164265973,       4.755441843,       3.943943195,     0.05579354866,     0.05311940755,     0.05473322632,     0.05363589127,    -0.04518672954,    -0.08578954047,    -0.08665960459,      0.2172820738,     -0.2176358746,      0.8114986475
         497,      -6.853454982,      -6.878141127,      -6.755854358,       3.323785272,       1.431575108,     -0.0521677493,       3.996505143,       3.292757666,       1.463350227,       3.655172633,       1.419818883,       3.174612449,       1.423921249,       3.180073681,       1.417974952,       3.109483856,       4.294513476,       4.164044319,        4.75536038,       3.944337393,     0.05579443773,     0.05312124911,     0.05473047011,     0.05363689815,    -0.04518877755,    -0.08578575457,    -0.08665756945,      0.2172830551,     -0.2176321016,      0.8110229867
         498,      -6.808188427,      -6.831455035,      -6.711714558,       3.323698054,        1.43157647,    -0.05162754003,        3.99626263,       3.292291475,       1.463338488,       3.654246925,       1.419796614,       3.176156382,       1.423973528,       3.179551209,       1.417961521,       3.109692169,       4.293894453,       4.163967949,       4.755274525,        3.94463509,     0.05579419317,     0.05312083183,     0.05473147762,      0.0536366399,    -0.04519020143,    -0.08578210028,    -0.08665685034,      0.2172831425,      -0.217629152,      0.8106394349
         499,      -6.918066306,      -6.857646205,      -6.836239714,       3.323633089,       1.431573721,    -0.05174584529,       3.996317031,       3.291983978,       1.463313519,       3.653629858,       1.419744319,       3.177161617,       1.424068079,       3.179202443,        1.41793186,       3.109820179,       4.294073042,       4.163863819,       4.755206811,       3.944571185,      0.0557936927,     0.05311985525,     0.05473329554,      0.0536360777,    -0.04519107784,    -0.08578442425,    -0.08665591478,      0.2172829212,     -0.2176314169,       0.810635625
         500,      -7.071994405,       -6.92396569,      -6.890689486,       3.323590189,       1.431570498,    -0.05203924857,       3.996445998,       3.291797674,       1.463292257,       3.653257134,         1.4196996,       3.177757622,       1.424145223,       3.178991013,       1.417906634,       3.109892124,       4.294382223,        4.16383913,       4.755160687,        3.94440675,     0.05579327262,     0.05311902076,     0.05473477754,     0.05363560043,    -0.04519156903,    -0.08578746911,    -0.08665568191,      0.2172826714,     -0.2176347201,       0.810753937
         501,      -7.134549623,      -6.905690874,      -6.895850709,       3.323523193,       1.431569789,    -0.05240291533,       3.996667785,        3.29152867,       1.463277923,       3.652731253,       1.419665711,       3.178577875,       1.424208668,       3.178689202,       1.417887597,       3.110002871,       4.294929174,       4.163787511,       4.755092982,        3.94426487,     0.05579298612,     0.05311838983,     0.05473599544,     0.05363523978,    -0.04519228469,    -0.08579259117,    -0.08665521543,      0.2172826112,     -0.2176400913,      0.8108281124
         502,      -7.171014826,      -6.904681663,      -6.923803281,       3.323412564,       1.431577119,     -0.0528261611,       3.996975069,       3.291125885,       1.463291457,       3.651970513,       1.419685485,        3.17971634,       1.424193751,       3.178249274,       1.417898794,       3.110158127,       4.295642016,       4.163760074,       4.754989683,       3.944148908,     0.05579324803,     0.05311876191,     0.05473570791,     0.05363544911,    -0.04519320491,    -0.08579906836,    -0.08665499626,       0.217283167,     -0.2176472695,      0.8108407754
         503,      -7.024285357,      -6.950499537,      -6.939678808,       3.323195139,       1.431603999,    -0.05262696284,       3.997114784,       3.290418808,       1.463363624,       3.650633971,       1.419828894,       3.181601545,       1.424008497,       3.177482973,       1.417979274,       3.110358749,       4.295873449,       4.163780723,       4.754799138,       3.944487821,     0.05579466344,       0.053121446,     0.05473214625,     0.05363696607,     -0.0451942499,    -0.08580094803,    -0.08665536181,      0.2172852218,     -0.2176505597,      0.8103113166
         504,      -6.848281526,       -6.95012892,      -6.775616555,        3.32290651,       1.431626634,    -0.05198679641,       3.997040598,       3.289565134,       1.463417038,       3.648980527,       1.419944167,       3.183836281,       1.423868861,       3.176542821,       1.418043498,       3.110537683,       4.295440106,       4.163945417,       4.754533144,       3.945053802,     0.05579570721,     0.05312360014,     0.05472946375,     0.05363817359,    -0.04519508118,    -0.08579797551,     -0.0866571602,      0.2172869447,     -0.2176502169,      0.8094793421
         505,       -6.80505874,      -6.879310895,      -6.719634766,       3.322678266,       1.431621212,    -0.05140708525,       3.996873164,       3.288931867,       1.463394913,       3.647725844,       1.419901639,       3.185497749,       1.423935242,       3.175830871,       1.418019093,       3.110656532,       4.294892201,       4.164019626,       4.754299478,       3.945466079,     0.05579525866,     0.05312280219,     0.05473074259,     0.05363770739,    -0.04519560341,    -0.08579484202,    -0.08665812698,      0.2172865108,     -0.2176485724,      0.8088333984
         506,      -6.913386492,      -6.908627568,       -6.84547668,        3.32252361,       1.431609033,    -0.05163899448,       3.997020069,       3.288521271,       1.463357742,       3.646904663,         1.4198251,       3.186568056,         1.4240416,       3.175363771,       1.417975907,       3.110729006,          4.295112,       4.164124967,       4.754132643,       3.945381075,     0.05579451789,     0.05312137135,     0.05473278721,     0.05363688914,     -0.0451958978,    -0.08579746828,    -0.08665926324,      0.2172855656,     -0.2176526293,      0.8087515682
         507,      -7.062691385,      -6.993294597,      -6.900776057,       3.322428236,        1.43159856,    -0.05192341137,       3.997176821,       3.288275781,       1.463327544,       3.646414349,        1.41976255,       3.187198632,       1.424126214,       3.175083859,       1.417940647,       3.110769599,       4.295443417,       4.164159042,       4.754026796,        3.94525341,     0.05579392171,     0.05312020318,     0.05473441253,     0.05363622212,     -0.0451960477,    -0.08580067455,    -0.08665969331,      0.2172847595,     -0.2176564156,      0.8087733856
         508,      -7.121535245,      -6.966464318,       -6.90497943,       3.322291654,       1.431591449,    -0.05234051532,       3.997463792,       3.287931254,        1.46330471,       3.645739571,       1.419711371,       3.188051716,       1.424199006,       3.174694148,       1.417912113,        3.11082907,       4.296023881,       4.164255627,       4.753883103,       3.945123276,     0.05579346708,     0.05311924899,     0.05473580984,     0.05363568239,    -0.04519624185,    -0.08580602518,    -0.08666073329,      0.2172842083,     -0.2176630003,      0.8087598268
         509,       -7.15728908,      -6.962947461,      -6.931528864,       3.322091338,       1.431598089,    -0.05275868321,       3.997846686,       3.287439697,       1.463314565,       3.644808258,         1.4197233,        3.18919312,       1.424196283,       3.174150536,        1.41791969,       3.110903674,       4.296780826,       4.164404349,       4.753689427,       3.945088003,     0.05579365674,     0.05311947452,     0.05473575683,     0.05363582418,    -0.04519640639,     -0.0858127527,    -0.08666233154,      0.2172847123,     -0.2176714906,      0.8086014244
         510,      -7.019680159,      -7.016064712,      -6.940985894,       3.321742393,       1.431635182,    -0.05255112334,       3.998113576,       3.286630577,       1.463389178,       3.643282906,       1.419871203,       3.190965613,        1.42404017,       3.173261916,       1.418004902,       3.110972556,       4.297065422,       4.164742082,       4.753377575,       3.945562453,     0.05579512416,      0.0531222431,     0.05473275623,     0.05363743236,    -0.04519630348,    -0.08581481362,    -0.08666583026,      0.2172875558,     -0.2176769474,      0.8078151222
         511,      -6.847426131,      -6.998868451,      -6.768016356,       3.321311717,       1.431664135,    -0.05182808191,       3.998119219,       3.285695633,       1.463440254,       3.641484408,        1.41998208,       3.192963506,       1.423933197,       3.172219015,       1.418068271,       3.111004823,       4.296668233,       4.165130673,       4.752975852,       3.946291137,     0.05579612763,     0.05312431446,     0.05473070232,     0.05363862468,    -0.04519587464,    -0.08581181325,    -0.08666997623,      0.2172897691,     -0.2176776641,      0.8066847149
         512,      -6.805814012,      -6.903765854,      -6.708471651,       3.320982468,       1.431653305,    -0.05134337898,       3.998055297,       3.285014916,       1.463412107,       3.640145769,       1.419928575,       3.194416575,        1.42400143,       3.171443524,       1.418037195,       3.111019837,       4.296142057,       4.165483044,       4.752635773,       3.946711918,     0.05579556288,     0.05312330995,     0.05473201647,     0.05363803206,    -0.04519547823,    -0.08580861923,    -0.08667367789,      0.2172889214,     -0.2176777753,      0.8059238543
         513,      -6.916103168,      -6.929682503,      -6.822344955,       3.320764448,       1.431634102,     -0.0515382043,       3.998223863,       3.284578625,       1.463370053,       3.639279094,        1.41984323,       3.195340708,       1.424099111,       3.170940252,       1.417988176,       3.111028101,       4.296375483,       4.165655384,       4.752398551,       3.946685658,     0.05579472637,     0.05312171361,     0.05473389411,     0.05363710327,    -0.04519518675,     -0.0858112026,    -0.08667560864,      0.2172874374,      -0.217681998,      0.8057128923
         514,      -7.068771036,      -7.016535728,      -6.870226488,        3.32063231,       1.431618337,    -0.05187940249,       3.998416516,       3.284319767,       1.463336808,       3.638765047,       1.419775245,       3.195880708,       1.424174748,       3.170640692,       1.417949161,       3.111032554,       4.296714291,       4.165785922,       4.752250647,       3.946537113,        0.05579407,     0.05312044342,     0.05473534687,     0.05363636516,    -0.04519499698,    -0.08581437644,    -0.08667699884,      0.2172862255,     -0.2176863723,      0.8057135339
         515,      -7.131223894,      -6.983162487,       -6.87281517,       3.320447864,       1.431606291,    -0.05230432857,       3.998737002,       3.283962686,       1.463310138,       3.638069283,       1.419717162,       3.196596546,       1.424242854,       3.170230825,       1.417916221,       3.111034193,        4.29730524,        4.16597942,       4.752054155,       3.946432673,     0.05579354046,     0.05311935978,     0.05473665434,     0.05363574241,    -0.04519467711,    -0.08581966483,       -0.08667906,       0.217285297,     -0.2176934019,      0.8056214816
         516,      -7.170248962,      -6.972743696,      -6.894169088,       3.320189225,       1.431611356,    -0.05276488578,       3.999180778,       3.283469545,       1.463315178,       3.637142274,       1.419719638,       3.197513737,       1.424252909,       3.169678449,       1.417918775,       3.111021253,       4.298071759,       4.166306865,       4.751800581,       3.946415892,      0.0557936377,     0.05311940827,      0.0547368472,     0.05363579006,    -0.04519411549,    -0.08582623701,    -0.08668243355,      0.2172856832,      -0.217702786,       0.805384689
         517,      -7.027585031,      -7.016273118,      -6.898793984,       3.319766843,        1.43165192,    -0.05253394285,       3.999491616,       3.282696801,       1.463379943,       3.635715991,        1.41984394,       3.198831372,       1.424154331,       3.168825878,        1.41799308,       3.110956635,       4.298347952,       4.166820273,       4.751418763,       3.946957673,     0.05579491681,     0.05312173534,     0.05473495308,     0.05363719367,     -0.0451929692,    -0.08582784355,    -0.08668771586,      0.2172887989,     -0.2177085286,      0.8044610902
         518,      -6.851707772,      -6.988878677,      -6.746173271,       3.319442364,       1.431647724,    -0.05210391583,       3.999484536,       3.282120867,       1.463368588,       3.634646665,       1.419828681,       3.199794584,       1.424173467,       3.168188481,       1.417983543,        3.11090062,       4.297955517,       4.167214098,       4.751090088,        3.94738062,     0.05579470272,     0.05312144343,     0.05473532283,     0.05363700727,    -0.04519205026,    -0.08582459257,    -0.08669180575,      0.2172884763,     -0.2177084486,      0.8037094681
         519,      -6.849015097,      -6.927056866,      -6.723032598,       3.319227537,       1.431631445,    -0.05180160658,       3.999438394,       3.281749674,       1.463338612,       3.633943469,       1.419773008,       3.200418773,       1.424225874,       3.167769957,       1.417950534,       3.110863924,       4.297631015,       4.167434881,       4.750858981,       3.947636788,     0.05579410945,     0.05312039968,      0.0547363306,     0.05363638022,    -0.04519142396,    -0.08582246527,    -0.08669419269,      0.2172872199,     -0.2177080819,      0.8032221935
         520,       -7.00038383,      -6.959973094,      -6.859603052,        3.31909781,       1.431616884,    -0.05203117372,       3.999567405,       3.281529767,       1.463312838,        3.63352151,       1.419723399,       3.200788908,       1.424271198,       3.167518785,       1.417921311,       3.110842909,       4.297802971,       4.167586563,       4.750714694,       3.947536231,     0.05579359826,     0.05311947182,     0.05473720133,     0.05363582684,    -0.04519104143,    -0.08582420669,     -0.0866957957,      0.2172860983,     -0.2177110438,      0.8031784636
         521,      -7.094091288,      -7.024804471,       -6.89299184,       3.319024309,       1.431607155,    -0.05217623405,       3.999652812,       3.281406872,       1.463295896,       3.633284188,       1.419690302,       3.200994867,       1.424301085,       3.167377321,       1.417901844,       3.110831692,       4.297939017,       4.167663996,       4.750631465,       3.947476578,     0.05579326285,     0.05311885345,     0.05473777522,     0.05363545872,    -0.04519082481,    -0.08582547836,    -0.08669662835,      0.2172853502,     -0.2177129315,      0.8031548871
         522,      -7.146202444,      -7.016774945,      -6.893321318,       3.318911375,       1.431596238,    -0.05241654051,       3.999822316,       3.281219327,       1.463276674,        3.63292523,       1.419651588,       3.201301422,       1.424337156,       3.167161812,        1.41787919,        3.11081082,       4.298225168,       4.167801792,       4.750507613,       3.947405776,     0.05579288077,     0.05311813086,     0.05473846775,     0.05363503079,    -0.04519045815,    -0.08582805937,    -0.08669808699,      0.2172845102,     -0.2177166045,      0.8031018373
         523,      -7.229580909,      -6.979232782,      -6.891645744,        3.31884842,       1.431589289,     -0.0525427133,       3.999918784,       3.281115752,       1.463264623,       3.632728432,        1.41962755,       3.201467016,       1.424359093,       3.167043037,       1.417865022,        3.11079976,       4.298392452,       4.167875543,       4.750437709,       3.947376071,     0.05579264323,     0.05311768189,     0.05473888905,     0.05363476298,    -0.04519025463,    -0.08582952771,    -0.08669886984,      0.2172839771,     -0.2177186522,      0.8030616379
         524,      -7.257538655,      -6.983660658,      -6.896805765,       3.318814787,        1.43158526,    -0.05260087655,       3.999967245,       3.281060631,       1.463257699,       3.632624274,       1.419613858,       3.201554006,       1.424371399,        3.16697998,       1.417856916,       3.110794051,       4.298475386,       4.167913733,       4.750400047,       3.947366368,     0.05579250731,     0.05311742608,     0.05473912534,     0.05363460971,    -0.04519014618,     -0.0858302475,    -0.08669927623,      0.2172836684,     -0.2177196699,      0.8030336782
         525,      -7.262133765,      -6.993568183,      -6.900800342,       3.318797328,        1.43158307,     -0.0526274661,       3.999990973,       3.281032067,       1.463253955,       3.632570465,       1.419606493,        3.20159878,        1.42437796,        3.16694735,       1.417852547,        3.11079115,       4.298515262,       4.167933194,       4.750380398,       3.947363507,     0.05579243395,     0.05311728848,      0.0547392513,     0.05363452707,    -0.04519008998,    -0.08583059097,    -0.08669948362,      0.2172835008,     -0.2177201646,      0.8030168913
         526,      -7.262066119,      -7.000047899,      -6.902950776,       3.318765702,       1.431579513,    -0.05267470473,       4.000033666,       3.280980318,        1.46324785,       3.632473475,       1.419594412,       3.201679174,       1.424388822,       3.166888371,       1.417845381,       3.110785475,        4.29858516,       4.167970259,       4.750345215,       3.947358962,     0.05579231433,     0.05311706278,     0.05473945982,     0.05363439157,    -0.04518998418,    -0.08583118948,    -0.08669987691,      0.2172832285,     -0.2177210506,       0.802986253
         527,      -7.257785227,      -7.010684444,      -6.906317725,       3.318712116,       1.431574836,     -0.0527461309,       4.000103148,       3.280892585,       1.463239737,       3.632310765,       1.419578113,       3.201812956,       1.424403812,        3.16678893,       1.417835731,        3.11077457,       4.298691876,       4.168038336,       4.750286952,       3.947357017,     0.05579215553,     0.05311675832,     0.05473974762,     0.05363420914,     -0.0451897936,      -0.085832089,    -0.08670059379,      0.2172828706,     -0.2177224764,      0.8029299352
         528,      -7.218958412,      -7.021717898,       -6.90451541,       3.318683813,       1.431572163,     -0.0527820701,        4.00013772,       3.280846247,       1.463235128,       3.632225842,       1.419569116,       3.201882271,       1.424411905,       3.166736801,       1.417830358,       3.110768933,       4.298743968,       4.168073331,       4.750255976,        3.94735565,     0.05579206588,     0.05311659007,     0.05473990304,     0.05363410742,      -0.045189693,    -0.08583250831,    -0.08670096298,      0.2172826664,     -0.2177231643,      0.8029003258
         529,      -7.210009245,       -7.02091402,      -6.904570793,       3.318669215,       1.431570715,    -0.05279564203,       4.000153623,       3.280822343,        1.46323264,       3.632182291,       1.419564331,       3.201917704,        1.42441615,       3.166710006,       1.417827489,       3.110766065,       4.298766359,       4.168091098,        4.75023993,       3.947357981,      0.0557920176,     0.05311650057,     0.05473998458,     0.05363405308,    -0.04518964111,    -0.08583268268,    -0.08670115066,      0.2172825558,     -0.2177234744,      0.8028819487
         530,      -7.205740989,      -7.019466809,      -6.904781996,       3.318659822,       1.431569774,    -0.05280281043,       4.000163196,        3.28080696,       1.463231025,       3.632154351,       1.419561246,       3.201940399,       1.424418874,       3.166692792,       1.417825636,       3.110764218,       4.298779177,       4.168102498,       4.750229595,       3.947360386,      0.0557919863,     0.05311644283,     0.05474003688,     0.05363401796,    -0.04518960759,    -0.08583278014,     -0.0867012711,       0.217282484,     -0.2177236588,      0.8028692096
         531,      -7.203223838,      -7.018025239,      -6.904968199,       3.318650571,       1.431568867,    -0.05280902851,       4.000172238,       3.280791807,       1.463229469,       3.632126891,       1.419558279,       3.201962674,        1.42442149,       3.166675857,       1.417823852,       3.110762373,       4.298790775,       4.168113814,       4.750219438,        3.94736321,     0.05579195613,     0.05311638731,     0.05474008714,     0.05363398417,    -0.04518957429,    -0.08583286653,    -0.08670139057,      0.2172824148,     -0.2177238314,      0.8028562283
         532,      -7.219042944,      -7.018621838,      -6.907982532,       3.318641461,       1.431567994,    -0.05281649879,       4.000181447,       3.280776879,       1.463227969,       3.632099903,       1.419555431,       3.201984539,       1.424424001,       3.166659195,       1.417822138,       3.110760529,       4.298802869,       4.168125044,       4.750209455,       3.947364948,      0.0557919271,       0.053116334,     0.05474013535,     0.05363395169,    -0.04518954121,    -0.08583295743,    -0.08670150907,      0.2172823481,     -0.2177240077,      0.8028445074
         533,      -7.237120296,      -7.020165648,        -6.9112807,        3.31863249,       1.431567155,     -0.0528256518,          4.000191,       3.280762172,       1.463226526,        3.63207338,       1.419552699,          3.202006,       1.424426407,       3.166642803,       1.417820494,       3.110758687,       4.298815895,       4.168136191,       4.750199645,       3.947365348,     0.05579189919,     0.05311628287,     0.05474018156,     0.05363392051,    -0.04518950835,    -0.08583305681,    -0.08670162661,      0.2172822841,     -0.2177241918,      0.8028342971
         534,       -7.25139387,      -7.021990945,      -6.913987216,       3.318623654,        1.43156635,    -0.05283616993,       4.000200844,       3.280747683,        1.46322514,       3.632047312,       1.419550083,       3.202027066,       1.424428709,       3.166626675,       1.417818917,       3.110756846,       4.298829723,       4.168147255,       4.750190004,       3.947364674,     0.05579187239,      0.0531162339,     0.05474022578,     0.05363389062,    -0.04518947571,    -0.08583316352,     -0.0867017432,      0.2172822227,     -0.2177243824,      0.8028253298
         535,      -7.261321952,      -7.024473176,      -6.915819333,       3.318614953,       1.431565577,    -0.05284561061,       4.000210307,       3.280733407,       1.463223809,       3.632021691,       1.419547581,       3.202047746,       1.424430909,       3.166610807,       1.417817408,       3.110755007,       4.298842692,       4.168158236,        4.75018053,       3.947364696,     0.05579184668,     0.05311618706,     0.05474026804,     0.05363386201,     -0.0451894433,    -0.08583326346,    -0.08670185884,      0.2172821638,     -0.2177245656,      0.8028158339
         536,      -7.266456295,      -7.027492507,      -6.916717039,       3.318606383,       1.431564838,    -0.05285380832,       4.000219317,       3.280719341,       1.463222532,       3.631996507,       1.419545192,       3.202068048,       1.424433009,       3.166595193,       1.417815966,        3.11075317,       4.298854628,       4.168169135,        4.75017122,       3.947365509,     0.05579182205,     0.05311614232,     0.05474030836,     0.05363383465,     -0.0451894111,    -0.08583335516,    -0.08670197354,      0.2172821074,     -0.2177247398,      0.8028057115
         537,      -7.267887175,      -7.030803183,       -6.91696305,       3.318597942,        1.43156413,    -0.05286075837,        4.00022785,        3.28070548,        1.46322131,       3.631971752,       1.419542915,       3.202087981,       1.424435009,        3.16657983,       1.417814589,       3.110751334,       4.298865468,       4.168179954,       4.750162072,       3.947367091,     0.05579179848,     0.05311609965,     0.05474034678,     0.05363380854,    -0.04518937913,    -0.08583343805,    -0.08670208732,      0.2172820534,     -0.2177249045,      0.8027949809
         538,      -7.267112543,      -7.034156161,      -6.916845619,       3.318589627,       1.431563455,    -0.05286655588,       4.000235909,       3.280691819,        1.46322014,       3.631947416,       1.419540746,       3.202107554,       1.424436911,        3.16656471,       1.417813277,       3.110749499,       4.298875223,       4.168190692,       4.750153082,       3.947369353,     0.05579177596,     0.05311605902,     0.05474038332,     0.05363378365,    -0.04518934739,    -0.08583351221,    -0.08670220019,       0.217282002,     -0.2177250598,       0.802783729
         539,      -7.265490676,      -7.037331974,      -6.916598313,       3.318581437,        1.43156281,    -0.05287134719,       4.000243519,       3.280678356,       1.463219023,        3.63192349,       1.419538685,       3.202126777,       1.424438718,        3.16654983,       1.417812029,       3.110747665,        4.29888395,       4.168201351,       4.750144247,       3.947372172,     0.05579175446,     0.05311602039,     0.05474041803,     0.05363375996,    -0.04518931586,    -0.08583357811,    -0.08670231214,      0.2172819528,     -0.2177252061,      0.8027720755
         540,      -7.264013035,      -7.040160293,      -6.916385084,       3.318573368,       1.431562197,    -0.05287529982,       4.000250714,       3.280665085,       1.463217956,       3.631899964,       1.419536729,       3.202145657,        1.42444043,       3.166535184,       1.417810844,       3.110745833,       4.298891734,       4.168211931,       4.750135565,       3.947375415,     0.05579173396,     0.05311598373,     0.05474045094,     0.05363373746,    -0.04518928455,    -0.08583363644,     -0.0867024232,      0.2172819061,     -0.2177253442,      0.8027601501
         541,      -7.263380298,      -7.042549657,      -6.916550387,       3.318565418,       1.431561613,     -0.0528783459,       4.000257466,       3.280652001,        1.46321694,       3.631876827,       1.419534876,       3.202164204,       1.424442051,       3.166520766,       1.417809719,       3.110744002,       4.298898501,       4.168222434,       4.750127031,        3.94737912,     0.05579171445,     0.05311594898,     0.05474048208,     0.05363371611,    -0.04518925346,    -0.08583368663,    -0.08670253338,      0.2172818616,     -0.2177254735,      0.8027479112
         542,      -7.263490536,      -7.044510498,       -6.91761328,       3.318557584,       1.431561059,    -0.05287986675,       4.000263581,       3.280639102,       1.463215972,       3.631854071,       1.419533124,       3.202182427,       1.424443582,       3.166506571,       1.417808655,       3.110742172,       4.298903776,       4.168232861,       4.750118643,       3.947383714,      0.0557916959,     0.05311591612,      0.0547405115,     0.05363369589,    -0.04518922259,    -0.08583372488,    -0.08670264269,      0.2172818194,     -0.2177255902,      0.8027349292
         543,      -7.264181447,      -7.046061646,      -6.918823221,       3.318549864,       1.431560533,    -0.05287997875,       4.000269067,       3.280626382,       1.463215053,       3.631831685,       1.419531471,       3.202200336,       1.424445024,       3.166492593,        1.41780765,       3.110740344,       4.298907579,       4.168243212,       4.750110397,       3.947389088,     0.05579167829,      0.0531158851,     0.05474053923,     0.05363367679,    -0.04518919193,    -0.08583375139,    -0.08670275114,      0.2172817794,     -0.2177256945,       0.802721309
         544,      -7.265463267,       -7.04716677,      -6.920098074,       3.318542255,       1.431560036,    -0.05287882566,       4.000273942,       3.280613837,        1.46321418,       3.631809658,       1.419529914,       3.202217939,       1.424446381,       3.166478826,       1.417806702,       3.110738517,       4.298909947,       4.168253488,       4.750102291,       3.947395116,      0.0557916616,     0.05311585587,     0.05474056532,     0.05363365877,    -0.04518916149,    -0.08583376651,    -0.08670285874,      0.2172817416,     -0.2177257867,      0.8027071744
         545,      -7.267316215,      -7.047805597,      -6.921362313,       3.318534753,       1.431559566,    -0.05287656839,       4.000278235,       3.280601463,       1.463213353,       3.631787982,       1.419528451,       3.202235246,       1.424447655,       3.166465266,       1.417805811,       3.110736691,       4.298910954,       4.168263691,        4.75009432,       3.947401666,     0.05579164581,     0.05311582839,     0.05474058981,     0.05363364181,    -0.04518913127,    -0.08583377085,     -0.0867029655,      0.2172817058,     -0.2177258676,      0.8026926533
         546,      -7.269727546,      -7.047980378,       -6.92256073,       3.318527357,       1.431559123,    -0.05287337869,       4.000281986,       3.280589255,       1.463212571,       3.631766645,       1.419527079,       3.202252267,       1.424448847,       3.166451906,       1.417804974,       3.110734866,       4.298910699,       4.168273821,        4.75008648,       3.947408608,     0.05579163089,     0.05311580261,     0.05474061274,     0.05363362589,    -0.04518910125,    -0.08583376526,    -0.08670307144,      0.2172816721,      -0.217725938,      0.8026778728
         547,      -7.272692985,      -7.047722275,      -6.923664183,       3.318520063,       1.431558707,    -0.05286943301,       4.000285245,       3.280577209,       1.463211832,       3.631745637,       1.419525796,       3.202269009,       1.424449961,        3.16643874,        1.41780419,       3.110733042,       4.298909301,        4.16828388,        4.75007877,       3.947415812,     0.05579161682,     0.05311577849,     0.05474063416,     0.05363361097,    -0.04518907144,    -0.08583375068,    -0.08670317658,      0.2172816404,     -0.2177259987,      0.8026629577
         548,      -7.276208711,      -7.047082029,      -6.924668566,       3.318512869,       1.431558315,    -0.05286490232,       4.000288063,        3.28056532,       1.463211135,       3.631724948,         1.4195246,       3.202285483,       1.424450998,       3.166425762,       1.417803458,        3.11073122,       4.298906885,       4.168293868,       4.750071184,        3.94742316,     0.05579160358,     0.05311575598,     0.05474065411,     0.05363359703,    -0.04518904185,    -0.08583372815,    -0.08670328091,      0.2172816107,     -0.2177260509,      0.8026480237
         549,      -7.280258732,      -7.046125694,      -6.925587414,       3.318505771,       1.431557949,    -0.05285994408,       4.000290492,       3.280553584,       1.463210479,       3.631704568,       1.419523486,       3.202301696,        1.42445196,       3.166412967,       1.417802777,       3.110729399,       4.298903581,       4.168303787,        4.75006372,       3.947430547,     0.05579159113,     0.05311573502,     0.05474067263,     0.05363358404,    -0.04518901245,     -0.0858336987,    -0.08670338447,      0.2172815828,     -0.2177260956,      0.8026331721
         550,      -7.284809475,      -7.044929378,       -6.92644357,       3.318498767,       1.431557606,    -0.05285469741,       4.000292583,       3.280541997,       1.463209863,       3.631684486,       1.419522454,       3.202317659,       1.424452851,       3.166400349,       1.417802144,       3.110727579,       4.298899513,       4.168313638,       4.750056373,       3.947437886,     0.05579157946,     0.05311571558,     0.05474068977,     0.05363357197,    -0.04518898326,    -0.08583366335,    -0.08670348725,      0.2172815568,     -0.2177261339,      0.8026184873
         551,       -7.28981157,      -7.043573693,       -6.92726256,       3.318491853,       1.431557287,    -0.05284928152,       4.000294386,       3.280530554,       1.463209286,       3.631664692,       1.419521501,       3.202333381,       1.424453672,       3.166387901,       1.417801559,        3.11072576,         4.2988948,       4.168323422,        4.75004914,       3.947445104,     0.05579156855,      0.0531156976,     0.05474070558,      0.0536335608,    -0.04518895427,    -0.08583362304,    -0.08670358928,      0.2172815325,     -0.2177261666,      0.8026040358
         552,      -7.295204996,      -7.042138637,      -6.928068421,       3.318485028,        1.43155699,    -0.05284379643,       4.000295946,       3.280519251,       1.463208746,       3.631645176,       1.419520623,       3.202348869,       1.424454426,       3.166375619,        1.41780102,       3.110723943,       4.298889556,        4.16833314,       4.750042018,        3.94745215,     0.05579155836,     0.05311568103,     0.05474072011,      0.0536335505,    -0.04518892547,    -0.08583357867,    -0.08670369056,        0.21728151,     -0.2177261947,      0.8025898681
         553,      -7.300924171,      -7.040699446,      -6.928881598,       3.318472082,       1.431556573,    -0.05283339751,       4.000298639,       3.280497791,       1.463207961,       3.631608188,       1.419519391,       3.202378175,       1.424455509,       3.166352345,       1.417800266,       3.110720358,       4.298878537,       4.168352046,       4.750028655,       3.947465241,      0.0557915437,     0.05311565769,       0.054740741,     0.05363353606,    -0.04518886995,    -0.08583348607,    -0.08670388714,      0.2172814784,     -0.2177262432,      0.8025634139
         554,      -7.311401027,      -7.037888858,      -6.930337966,       3.318448436,       1.431556303,    -0.05281412701,       4.000303042,       3.280458527,       1.463207327,       3.631540739,       1.419518594,       3.202431429,       1.424456326,       3.166309928,       1.417799788,       3.110713369,       4.298855899,       4.168388017,       4.750004739,       3.947488915,     0.05579153257,     0.05311564223,     0.05474075688,     0.05363352679,    -0.04518876594,    -0.08583329716,    -0.08670425955,      0.2172814585,     -0.2177263226,      0.8025158243
         555,      -7.329989149,       -7.03349908,      -6.933151243,        3.31840715,       1.431557273,    -0.05277945004,       4.000311354,       3.280389816,       1.463208562,       3.631423409,       1.419521429,       3.202523342,        1.42445441,       3.166236263,       1.417801582,        3.11069998,       4.298815077,        4.16845421,       4.749964423,       3.947531904,     0.05579155894,     0.05311569427,      0.0547407204,     0.05363356046,    -0.04518857869,    -0.08583295779,    -0.08670493985,      0.2172815341,     -0.2177264763,      0.8024325189
         556,      -7.382456382,      -7.032391342,      -6.942395142,       3.318336845,       1.431562298,    -0.05275963166,       4.000351351,       3.280272859,       1.463216068,       3.631225122,       1.419535953,       3.202675973,       1.424443688,       3.166112271,       1.417810679,       3.110674773,       4.298806013,       4.168571415,       4.749899143,       3.947591719,     0.05579170961,     0.05311596437,     0.05474051505,     0.05363373234,    -0.04518825395,    -0.08583286973,    -0.08670613191,      0.2172819214,     -0.2177272556,      0.8023074234
         557,      -7.397032936,      -7.049370833,      -6.956272167,       3.318212819,       1.431576623,    -0.05274907778,       4.000466244,       3.280069504,       1.463237648,       3.630880455,       1.419576229,       3.202931234,       1.424414724,       3.165898247,       1.417835904,        3.11062703,        4.29890464,       4.168774742,       4.749789442,       3.947717166,     0.05579213789,     0.05311671638,     0.05473995947,     0.05363420986,      -0.045187688,    -0.08583363905,    -0.08670817747,      0.2172830236,     -0.2177295045,      0.8020722768
         558,      -7.430267982,      -7.063791746,      -6.967813508,        3.31797466,       1.431608779,    -0.05267375454,        4.00068995,       3.279697324,       1.463284087,       3.630240908,       1.419660762,       3.203366986,       1.424360439,       3.165501313,       1.417889484,        3.11053053,        4.29913004,       4.169139625,       4.749583439,       3.948016195,     0.05579305262,     0.05311829948,     0.05473891752,       0.053635227,    -0.04518661598,    -0.08583535627,    -0.08671183433,      0.2172854966,     -0.2177338066,      0.8015672443
